ds,y
12/30/11,1257.599976
12/29/11,1263.02002
12/28/11,1249.640015
12/27/11,1265.430054
12/23/11,1265.329956
12/22/11,1254
12/21/11,1243.719971
12/20/11,1241.300049
12/19/11,1205.349976
12/16/11,1219.660034
12/15/11,1215.75
12/14/11,1211.819946
12/13/11,1225.72998
12/12/11,1236.469971
12/9/11,1255.189941
12/8/11,1234.349976
12/7/11,1261.01001
12/6/11,1258.469971
12/5/11,1257.079956
12/2/11,1244.280029
12/1/11,1244.579956
11/30/11,1246.959961
11/29/11,1195.189941
11/28/11,1192.550049
11/25/11,1158.670044
11/23/11,1161.790039
11/22/11,1188.040039
11/21/11,1192.97998
11/18/11,1215.650024
11/17/11,1216.130005
11/16/11,1236.910034
11/15/11,1257.810059
11/14/11,1251.780029
11/11/11,1263.849976
11/10/11,1239.699951
11/9/11,1229.099976
11/8/11,1275.920044
11/7/11,1261.119995
11/4/11,1253.22998
11/3/11,1261.150024
11/2/11,1237.900024
11/1/11,1218.280029
10/31/11,1253.300049
10/28/11,1285.089966
10/27/11,1284.589966
10/26/11,1242
10/25/11,1229.050049
10/24/11,1254.189941
10/21/11,1238.25
10/20/11,1215.390015
10/19/11,1209.880005
10/18/11,1225.380005
10/17/11,1200.859985
10/14/11,1224.579956
10/13/11,1203.660034
10/12/11,1207.25
10/11/11,1195.540039
10/10/11,1194.890015
10/7/11,1155.459961
10/6/11,1164.969971
10/5/11,1144.030029
10/4/11,1123.949951
10/3/11,1099.22998
9/30/11,1131.420044
9/29/11,1160.400024
9/28/11,1151.060059
9/27/11,1175.380005
9/26/11,1162.949951
9/23/11,1136.430054
9/22/11,1129.560059
9/21/11,1166.76001
9/20/11,1202.089966
9/19/11,1204.089966
9/16/11,1216.01001
9/15/11,1209.109985
9/14/11,1188.680054
9/13/11,1172.869995
9/12/11,1162.27002
9/9/11,1154.22998
9/8/11,1185.900024
9/7/11,1198.619995
9/6/11,1165.23999
9/2/11,1173.969971
9/1/11,1204.420044
8/31/11,1218.890015
8/30/11,1212.920044
8/29/11,1210.079956
8/26/11,1176.800049
8/25/11,1159.27002
8/24/11,1177.599976
8/23/11,1162.349976
8/22/11,1123.819946
8/19/11,1123.530029
8/18/11,1140.650024
8/17/11,1193.890015
8/16/11,1192.76001
8/15/11,1204.48999
8/12/11,1178.810059
8/11/11,1172.640015
8/10/11,1120.76001
8/9/11,1172.530029
8/8/11,1119.459961
8/5/11,1199.380005
8/4/11,1200.069946
8/3/11,1260.339966
8/2/11,1254.050049
8/1/11,1286.939941
7/29/11,1292.280029
7/28/11,1300.670044
7/27/11,1304.890015
7/26/11,1331.939941
7/25/11,1337.430054
7/22/11,1345.02002
7/21/11,1343.800049
7/20/11,1325.839966
7/19/11,1326.72998
7/18/11,1305.439941
7/15/11,1316.140015
7/14/11,1308.869995
7/13/11,1317.719971
7/12/11,1313.640015
7/11/11,1319.48999
7/8/11,1343.800049
7/7/11,1353.219971
7/6/11,1339.219971
7/5/11,1337.880005
7/1/11,1339.670044
6/30/11,1320.640015
6/29/11,1307.410034
6/28/11,1296.670044
6/27/11,1280.099976
6/24/11,1268.449951
6/23/11,1283.5
6/22/11,1287.140015
6/21/11,1295.52002
6/20/11,1278.359985
6/17/11,1271.5
6/16/11,1267.640015
6/15/11,1265.420044
6/14/11,1287.869995
6/13/11,1271.829956
6/10/11,1270.97998
6/9/11,1289
6/8/11,1279.560059
6/7/11,1284.939941
6/6/11,1286.170044
6/3/11,1300.160034
6/2/11,1312.939941
6/1/11,1314.550049
5/31/11,1345.199951
5/27/11,1331.099976
5/26/11,1325.689941
5/25/11,1320.469971
5/24/11,1316.280029
5/23/11,1317.369995
5/20/11,1333.27002
5/19/11,1343.599976
5/18/11,1340.680054
5/17/11,1328.97998
5/16/11,1329.469971
5/13/11,1337.77002
5/12/11,1348.650024
5/11/11,1342.079956
5/10/11,1357.160034
5/9/11,1346.290039
5/6/11,1340.199951
5/5/11,1335.099976
5/4/11,1347.319946
5/3/11,1356.619995
5/2/11,1361.219971
4/29/11,1363.609985
4/28/11,1360.47998
4/27/11,1355.660034
4/26/11,1347.23999
4/25/11,1335.25
4/21/11,1337.380005
4/20/11,1330.359985
4/19/11,1312.619995
4/18/11,1305.140015
4/15/11,1319.680054
4/14/11,1314.52002
4/13/11,1314.410034
4/12/11,1314.160034
4/11/11,1324.459961
4/8/11,1328.170044
4/7/11,1333.51001
4/6/11,1335.540039
4/5/11,1332.630005
4/4/11,1332.869995
4/1/11,1332.410034
3/31/11,1325.829956
3/30/11,1328.26001
3/29/11,1319.439941
3/28/11,1310.189941
3/25/11,1313.800049
3/24/11,1309.660034
3/23/11,1297.540039
3/22/11,1293.77002
3/21/11,1298.380005
3/18/11,1279.209961
3/17/11,1273.719971
3/16/11,1256.880005
3/15/11,1281.869995
3/14/11,1296.390015
3/11/11,1304.280029
3/10/11,1295.109985
3/9/11,1320.02002
3/8/11,1321.819946
3/7/11,1310.130005
3/4/11,1321.150024
3/3/11,1330.969971
3/2/11,1308.439941
3/1/11,1306.329956
2/28/11,1327.219971
2/25/11,1319.880005
2/24/11,1306.099976
2/23/11,1307.400024
2/22/11,1315.439941
2/18/11,1343.01001
2/17/11,1340.430054
2/16/11,1336.319946
2/15/11,1328.01001
2/14/11,1332.319946
2/11/11,1329.150024
2/10/11,1321.869995
2/9/11,1320.880005
2/8/11,1324.569946
2/7/11,1319.050049
2/4/11,1310.869995
2/3/11,1307.099976
2/2/11,1304.030029
2/1/11,1307.589966
1/31/11,1286.119995
1/28/11,1276.339966
1/27/11,1299.540039
1/26/11,1296.630005
1/25/11,1291.180054
1/24/11,1290.839966
1/21/11,1283.349976
1/20/11,1280.26001
1/19/11,1281.920044
1/18/11,1295.02002
1/14/11,1293.23999
1/13/11,1283.76001
1/12/11,1285.959961
1/11/11,1274.47998
1/10/11,1269.75
1/7/11,1271.5
1/6/11,1273.849976
1/5/11,1276.560059
1/4/11,1270.199951
1/3/11,1271.869995
12/31/10,1257.640015
12/30/10,1257.880005
12/29/10,1259.780029
12/28/10,1258.51001
12/27/10,1257.540039
12/23/10,1256.77002
12/22/10,1258.839966
12/21/10,1254.599976
12/20/10,1247.079956
12/17/10,1243.910034
12/16/10,1242.869995
12/15/10,1235.22998
12/14/10,1241.589966
12/13/10,1240.459961
12/10/10,1240.400024
12/9/10,1233
12/8/10,1228.280029
12/7/10,1223.75
12/6/10,1223.119995
12/3/10,1224.709961
12/2/10,1221.530029
12/1/10,1206.069946
11/30/10,1180.550049
11/29/10,1187.76001
11/26/10,1189.400024
11/24/10,1198.349976
11/23/10,1180.72998
11/22/10,1197.839966
11/19/10,1199.72998
11/18/10,1196.689941
11/17/10,1178.589966
11/16/10,1178.339966
11/15/10,1197.75
11/12/10,1199.209961
11/11/10,1213.540039
11/10/10,1218.709961
11/9/10,1213.400024
11/8/10,1223.25
11/5/10,1225.849976
11/4/10,1221.060059
11/3/10,1197.959961
11/2/10,1193.569946
11/1/10,1184.380005
10/29/10,1183.26001
10/28/10,1183.780029
10/27/10,1182.449951
10/26/10,1185.640015
10/25/10,1185.619995
10/22/10,1183.079956
10/21/10,1180.26001
10/20/10,1178.170044
10/19/10,1165.900024
10/18/10,1184.709961
10/15/10,1176.189941
10/14/10,1173.810059
10/13/10,1178.099976
10/12/10,1169.77002
10/11/10,1165.319946
10/8/10,1165.150024
10/7/10,1158.060059
10/6/10,1159.969971
10/5/10,1160.75
10/4/10,1137.030029
10/1/10,1146.23999
9/30/10,1141.199951
9/29/10,1144.72998
9/28/10,1147.699951
9/27/10,1142.160034
9/24/10,1148.670044
9/23/10,1124.829956
9/22/10,1134.280029
9/21/10,1139.780029
9/20/10,1142.709961
9/17/10,1125.589966
9/16/10,1124.660034
9/15/10,1125.069946
9/14/10,1121.099976
9/13/10,1121.900024
9/10/10,1109.550049
9/9/10,1104.180054
9/8/10,1098.869995
9/7/10,1091.839966
9/3/10,1104.51001
9/2/10,1090.099976
9/1/10,1080.290039
8/31/10,1049.329956
8/30/10,1048.920044
8/27/10,1064.589966
8/26/10,1047.219971
8/25/10,1055.329956
8/24/10,1051.869995
8/23/10,1067.359985
8/20/10,1071.689941
8/19/10,1075.630005
8/18/10,1094.160034
8/17/10,1092.540039
8/16/10,1079.380005
8/13/10,1079.25
8/12/10,1083.609985
8/11/10,1089.469971
8/10/10,1121.060059
8/9/10,1127.790039
8/6/10,1121.640015
8/5/10,1125.810059
8/4/10,1127.23999
8/3/10,1120.459961
8/2/10,1125.859985
7/30/10,1101.599976
7/29/10,1101.530029
7/28/10,1106.130005
7/27/10,1113.839966
7/26/10,1115.01001
7/23/10,1102.660034
7/22/10,1093.670044
7/21/10,1069.589966
7/20/10,1083.47998
7/19/10,1071.25
7/16/10,1064.880005
7/15/10,1096.47998
7/14/10,1095.170044
7/13/10,1095.339966
7/12/10,1078.75
7/9/10,1077.959961
7/8/10,1070.25
7/7/10,1060.27002
7/6/10,1028.060059
7/2/10,1022.580017
7/1/10,1027.369995
6/30/10,1030.709961
6/29/10,1041.23999
6/28/10,1074.569946
6/25/10,1076.76001
6/24/10,1073.689941
6/23/10,1092.040039
6/22/10,1095.310059
6/21/10,1113.199951
6/18/10,1117.51001
6/17/10,1116.040039
6/16/10,1114.609985
6/15/10,1115.22998
6/14/10,1089.630005
6/11/10,1091.599976
6/10/10,1086.839966
6/9/10,1055.689941
6/8/10,1062
6/7/10,1050.469971
6/4/10,1064.880005
6/3/10,1102.829956
6/2/10,1098.380005
6/1/10,1070.709961
5/28/10,1089.410034
5/27/10,1103.060059
5/26/10,1067.949951
5/25/10,1074.030029
5/24/10,1073.650024
5/21/10,1087.689941
5/20/10,1071.589966
5/19/10,1115.050049
5/18/10,1120.800049
5/17/10,1136.939941
5/14/10,1135.680054
5/13/10,1157.439941
5/12/10,1171.670044
5/11/10,1155.790039
5/10/10,1159.72998
5/7/10,1110.880005
5/6/10,1128.150024
5/5/10,1165.869995
5/4/10,1173.599976
5/3/10,1202.26001
4/30/10,1186.689941
4/29/10,1206.780029
4/28/10,1191.359985
4/27/10,1183.709961
4/26/10,1212.050049
4/23/10,1217.280029
4/22/10,1208.670044
4/21/10,1205.939941
4/20/10,1207.170044
4/19/10,1197.52002
4/16/10,1192.130005
4/15/10,1211.670044
4/14/10,1210.650024
4/13/10,1197.300049
4/12/10,1196.47998
4/9/10,1194.369995
4/8/10,1186.439941
4/7/10,1182.449951
4/6/10,1189.439941
4/5/10,1187.439941
4/1/10,1178.099976
3/31/10,1169.430054
3/30/10,1173.27002
3/29/10,1173.219971
3/26/10,1166.589966
3/25/10,1165.72998
3/24/10,1167.719971
3/23/10,1174.170044
3/22/10,1165.810059
3/19/10,1159.900024
3/18/10,1165.829956
3/17/10,1166.209961
3/16/10,1159.459961
3/15/10,1150.51001
3/12/10,1149.98999
3/11/10,1150.23999
3/10/10,1145.609985
3/9/10,1140.449951
3/8/10,1138.5
3/5/10,1138.699951
3/4/10,1122.969971
3/3/10,1118.790039
3/2/10,1118.310059
3/1/10,1115.709961
2/26/10,1104.48999
2/25/10,1102.939941
2/24/10,1105.23999
2/23/10,1094.599976
2/22/10,1108.01001
2/19/10,1109.170044
2/18/10,1106.75
2/17/10,1099.51001
2/16/10,1094.869995
2/12/10,1075.51001
2/11/10,1078.469971
2/10/10,1068.130005
2/9/10,1070.52002
2/8/10,1056.73999
2/5/10,1066.189941
2/4/10,1063.109985
2/3/10,1097.280029
2/2/10,1103.319946
2/1/10,1089.189941
1/29/10,1073.869995
1/28/10,1084.530029
1/27/10,1097.5
1/26/10,1092.170044
1/25/10,1096.780029
1/22/10,1091.76001
1/21/10,1116.47998
1/20/10,1138.040039
1/19/10,1150.22998
1/15/10,1136.030029
1/14/10,1148.459961
1/13/10,1145.680054
1/12/10,1136.219971
1/11/10,1146.97998
1/8/10,1144.97998
1/7/10,1141.689941
1/6/10,1137.140015
1/5/10,1136.52002
1/4/10,1132.98999
12/31/09,1115.099976
12/30/09,1126.420044
12/29/09,1126.199951
12/28/09,1127.780029
12/24/09,1126.47998
12/23/09,1120.589966
12/22/09,1118.02002
12/21/09,1114.050049
12/18/09,1102.469971
12/17/09,1096.079956
12/16/09,1109.180054
12/15/09,1107.930054
12/14/09,1114.109985
12/11/09,1106.410034
12/10/09,1102.349976
12/9/09,1095.949951
12/8/09,1091.939941
12/7/09,1103.25
12/4/09,1105.97998
12/3/09,1099.920044
12/2/09,1109.23999
12/1/09,1108.859985
11/30/09,1095.630005
11/27/09,1091.48999
11/25/09,1110.630005
11/24/09,1105.650024
11/23/09,1106.23999
11/20/09,1091.380005
11/19/09,1094.900024
11/18/09,1109.800049
11/17/09,1110.319946
11/16/09,1109.300049
11/13/09,1093.47998
11/12/09,1087.23999
11/11/09,1098.51001
11/10/09,1093.01001
11/9/09,1093.079956
11/6/09,1069.300049
11/5/09,1066.630005
11/4/09,1046.5
11/3/09,1045.410034
11/2/09,1042.880005
10/30/09,1036.189941
10/29/09,1066.109985
10/28/09,1042.630005
10/27/09,1063.410034
10/26/09,1066.949951
10/23/09,1079.599976
10/22/09,1092.910034
10/21/09,1081.400024
10/20/09,1091.060059
10/19/09,1097.910034
10/16/09,1087.680054
10/15/09,1096.560059
10/14/09,1092.02002
10/13/09,1073.189941
10/12/09,1076.189941
10/9/09,1071.48999
10/8/09,1065.47998
10/7/09,1057.579956
10/6/09,1054.719971
10/5/09,1040.459961
10/2/09,1025.209961
10/1/09,1029.849976
9/30/09,1057.079956
9/29/09,1060.609985
9/28/09,1062.97998
9/25/09,1044.380005
9/24/09,1050.780029
9/23/09,1060.869995
9/22/09,1071.660034
9/21/09,1064.660034
9/18/09,1068.300049
9/17/09,1065.48999
9/16/09,1068.76001
9/15/09,1052.630005
9/14/09,1049.339966
9/11/09,1042.72998
9/10/09,1044.140015
9/9/09,1033.369995
9/8/09,1025.390015
9/4/09,1016.400024
9/3/09,1003.23999
9/2/09,994.75
9/1/09,998.039978
8/31/09,1020.619995
8/28/09,1028.930054
8/27/09,1030.97998
8/26/09,1028.119995
8/25/09,1028
8/24/09,1025.569946
8/21/09,1026.130005
8/20/09,1007.369995
8/19/09,996.460022
8/18/09,989.669983
8/17/09,979.72998
8/14/09,1004.090027
8/13/09,1012.72998
8/12/09,1005.809998
8/11/09,994.349976
8/10/09,1007.099976
8/7/09,1010.47998
8/6/09,997.080017
8/5/09,1002.719971
8/4/09,1005.650024
8/3/09,1002.630005
7/31/09,987.47998
7/30/09,986.75
7/29/09,975.150024
7/28/09,979.619995
7/27/09,982.179993
7/24/09,979.26001
7/23/09,976.289978
7/22/09,954.070007
7/21/09,954.580017
7/20/09,951.130005
7/17/09,940.380005
7/16/09,940.73999
7/15/09,932.679993
7/14/09,905.840027
7/13/09,901.049988
7/10/09,879.130005
7/9/09,882.679993
7/8/09,879.559998
7/7/09,881.030029
7/6/09,898.719971
7/2/09,896.419983
7/1/09,923.330017
6/30/09,919.320007
6/29/09,927.22998
6/26/09,918.900024
6/25/09,920.26001
6/24/09,900.940002
6/23/09,895.099976
6/22/09,893.039978
6/19/09,921.22998
6/18/09,918.369995
6/17/09,910.710022
6/16/09,911.969971
6/15/09,923.719971
6/12/09,946.210022
6/11/09,944.890015
6/10/09,939.150024
6/9/09,942.429993
6/8/09,939.140015
6/5/09,940.090027
6/4/09,942.460022
6/3/09,931.76001
6/2/09,944.73999
6/1/09,942.869995
5/29/09,919.140015
5/28/09,906.830017
5/27/09,893.059998
5/26/09,910.330017
5/22/09,887
5/21/09,888.330017
5/20/09,903.469971
5/19/09,908.130005
5/18/09,909.710022
5/15/09,882.880005
5/14/09,893.070007
5/13/09,883.919983
5/12/09,908.349976
5/11/09,909.23999
5/8/09,929.22998
5/7/09,907.390015
5/6/09,919.530029
5/5/09,903.799988
5/4/09,907.23999
5/1/09,877.52002
4/30/09,872.809998
4/29/09,873.640015
4/28/09,855.159973
4/27/09,857.51001
4/24/09,866.22998
4/23/09,851.919983
4/22/09,843.549988
4/21/09,850.080017
4/20/09,832.390015
4/17/09,869.599976
4/16/09,865.299988
4/15/09,852.059998
4/14/09,841.5
4/13/09,858.72998
4/9/09,856.559998
4/8/09,825.159973
4/7/09,815.549988
4/6/09,835.47998
4/3/09,842.5
4/2/09,834.380005
4/1/09,811.080017
3/31/09,797.869995
3/30/09,787.530029
3/27/09,815.940002
3/26/09,832.859985
3/25/09,813.880005
3/24/09,806.119995
3/23/09,822.919983
3/20/09,768.539978
3/19/09,784.039978
3/18/09,794.349976
3/17/09,778.119995
3/16/09,753.890015
3/13/09,756.549988
3/12/09,750.73999
3/11/09,721.359985
3/10/09,719.599976
3/9/09,676.530029
3/6/09,683.380005
3/5/09,682.549988
3/4/09,712.869995
3/3/09,696.330017
3/2/09,700.820007
2/27/09,735.090027
2/26/09,752.830017
2/25/09,764.900024
2/24/09,773.140015
2/23/09,743.330017
2/20/09,770.049988
2/19/09,778.940002
2/18/09,788.419983
2/17/09,789.169983
2/13/09,826.840027
2/12/09,835.190002
2/11/09,833.73999
2/10/09,827.159973
2/9/09,869.890015
2/6/09,868.599976
2/5/09,845.849976
2/4/09,832.22998
2/3/09,838.51001
2/2/09,825.440002
1/30/09,825.880005
1/29/09,845.140015
1/28/09,874.090027
1/27/09,845.710022
1/26/09,836.570007
1/23/09,831.950012
1/22/09,827.5
1/21/09,840.23999
1/20/09,805.219971
1/16/09,850.119995
1/15/09,843.73999
1/14/09,842.619995
1/13/09,871.789978
1/12/09,870.26001
1/9/09,890.349976
1/8/09,909.72998
1/7/09,906.650024
1/6/09,934.700012
1/5/09,927.450012
1/2/09,931.799988
12/31/08,903.25
12/30/08,890.640015
12/29/08,869.419983
12/26/08,872.799988
12/24/08,868.150024
12/23/08,863.159973
12/22/08,871.630005
12/19/08,887.880005
12/18/08,885.280029
12/17/08,904.419983
12/16/08,913.179993
12/15/08,868.570007
12/12/08,879.72998
12/11/08,873.590027
12/10/08,899.23999
12/9/08,888.669983
12/8/08,909.700012
12/5/08,876.070007
12/4/08,845.219971
12/3/08,870.73999
12/2/08,848.809998
12/1/08,816.210022
11/28/08,896.23999
11/26/08,887.679993
11/25/08,857.390015
11/24/08,851.809998
11/21/08,800.030029
11/20/08,752.440002
11/19/08,806.580017
11/18/08,859.119995
11/17/08,850.75
11/14/08,873.289978
11/13/08,911.289978
11/12/08,852.299988
11/11/08,898.950012
11/10/08,919.210022
11/7/08,930.98999
11/6/08,904.880005
11/5/08,952.77002
11/4/08,1005.75
11/3/08,966.299988
10/31/08,968.75
10/30/08,954.090027
10/29/08,930.090027
10/28/08,940.51001
10/27/08,848.919983
10/24/08,876.77002
10/23/08,908.109985
10/22/08,896.780029
10/21/08,955.049988
10/20/08,985.400024
10/17/08,940.549988
10/16/08,946.429993
10/15/08,907.840027
10/14/08,998.01001
10/13/08,1003.349976
10/10/08,899.219971
10/9/08,909.919983
10/8/08,984.940002
10/7/08,996.22998
10/6/08,1056.890015
10/3/08,1099.22998
10/2/08,1114.280029
10/1/08,1161.060059
9/30/08,1166.359985
9/29/08,1106.420044
9/26/08,1213.27002
9/25/08,1209.180054
9/24/08,1185.869995
9/23/08,1188.219971
9/22/08,1207.089966
9/19/08,1255.079956
9/18/08,1206.51001
9/17/08,1156.390015
9/16/08,1213.599976
9/15/08,1192.699951
9/12/08,1251.699951
9/11/08,1249.050049
9/10/08,1232.040039
9/9/08,1224.51001
9/8/08,1267.790039
9/5/08,1242.310059
9/4/08,1236.829956
9/3/08,1274.97998
9/2/08,1277.579956
8/29/08,1282.829956
8/28/08,1300.680054
8/27/08,1281.660034
8/26/08,1271.51001
8/25/08,1266.839966
8/22/08,1292.199951
8/21/08,1277.719971
8/20/08,1274.540039
8/19/08,1266.689941
8/18/08,1278.599976
8/15/08,1298.199951
8/14/08,1292.930054
8/13/08,1285.829956
8/12/08,1289.589966
8/11/08,1305.319946
8/8/08,1296.319946
8/7/08,1266.069946
8/6/08,1289.189941
8/5/08,1284.880005
8/4/08,1249.01001
8/1/08,1260.310059
7/31/08,1267.380005
7/30/08,1284.26001
7/29/08,1263.199951
7/28/08,1234.369995
7/25/08,1257.76001
7/24/08,1252.540039
7/23/08,1282.189941
7/22/08,1277
7/21/08,1260
7/18/08,1260.680054
7/17/08,1260.319946
7/16/08,1245.359985
7/15/08,1214.910034
7/14/08,1228.300049
7/11/08,1239.48999
7/10/08,1253.390015
7/9/08,1244.689941
7/8/08,1273.699951
7/7/08,1252.310059
7/3/08,1262.900024
7/2/08,1261.52002
7/1/08,1284.910034
6/30/08,1280
6/27/08,1278.380005
6/26/08,1283.150024
6/25/08,1321.969971
6/24/08,1314.290039
6/23/08,1318
6/20/08,1317.930054
6/19/08,1342.829956
6/18/08,1337.810059
6/17/08,1350.930054
6/16/08,1360.140015
6/13/08,1360.030029
6/12/08,1339.869995
6/11/08,1335.48999
6/10/08,1358.439941
6/9/08,1361.76001
6/6/08,1360.680054
6/5/08,1404.050049
6/4/08,1377.199951
6/3/08,1377.650024
6/2/08,1385.670044
5/30/08,1400.380005
5/29/08,1398.26001
5/28/08,1390.839966
5/27/08,1385.349976
5/23/08,1375.930054
5/22/08,1394.349976
5/21/08,1390.709961
5/20/08,1413.400024
5/19/08,1426.630005
5/16/08,1425.349976
5/15/08,1423.569946
5/14/08,1408.660034
5/13/08,1403.040039
5/12/08,1403.579956
5/9/08,1388.280029
5/8/08,1397.680054
5/7/08,1392.569946
5/6/08,1418.26001
5/5/08,1407.48999
5/2/08,1413.900024
5/1/08,1409.339966
4/30/08,1385.589966
4/29/08,1390.939941
4/28/08,1396.369995
4/25/08,1397.839966
4/24/08,1388.819946
4/23/08,1379.930054
4/22/08,1375.939941
4/21/08,1388.170044
4/18/08,1390.329956
4/17/08,1365.560059
4/16/08,1364.709961
4/15/08,1334.430054
4/14/08,1328.319946
4/11/08,1332.829956
4/10/08,1360.550049
4/9/08,1354.48999
4/8/08,1365.540039
4/7/08,1372.540039
4/4/08,1370.400024
4/3/08,1369.310059
4/2/08,1367.530029
4/1/08,1370.180054
3/31/08,1322.699951
3/28/08,1315.219971
3/27/08,1325.76001
3/26/08,1341.130005
3/25/08,1352.98999
3/24/08,1349.880005
3/20/08,1329.51001
3/19/08,1298.420044
3/18/08,1330.73999
3/17/08,1276.599976
3/14/08,1288.140015
3/13/08,1315.47998
3/12/08,1308.77002
3/11/08,1320.650024
3/10/08,1273.369995
3/7/08,1293.369995
3/6/08,1304.339966
3/5/08,1333.699951
3/4/08,1326.75
3/3/08,1331.339966
2/29/08,1330.630005
2/28/08,1367.680054
2/27/08,1380.02002
2/26/08,1381.290039
2/25/08,1371.800049
2/22/08,1353.109985
2/21/08,1342.530029
2/20/08,1360.030029
2/19/08,1348.780029
2/15/08,1349.98999
2/14/08,1348.859985
2/13/08,1367.209961
2/12/08,1348.859985
2/11/08,1339.130005
2/8/08,1331.290039
2/7/08,1336.910034
2/6/08,1326.449951
2/5/08,1336.640015
2/4/08,1380.819946
2/1/08,1395.420044
1/31/08,1378.550049
1/30/08,1355.810059
1/29/08,1362.300049
1/28/08,1353.959961
1/25/08,1330.609985
1/24/08,1352.069946
1/23/08,1338.599976
1/22/08,1310.5
1/18/08,1325.189941
1/17/08,1333.25
1/16/08,1373.199951
1/15/08,1380.949951
1/14/08,1416.25
1/11/08,1401.02002
1/10/08,1420.329956
1/9/08,1409.130005
1/8/08,1390.189941
1/7/08,1416.180054
1/4/08,1411.630005
1/3/08,1447.160034
1/2/08,1447.160034
12/31/07,1468.359985
12/28/07,1478.48999
12/27/07,1476.27002
12/26/07,1497.660034
12/24/07,1496.449951
12/21/07,1484.459961
12/20/07,1460.119995
12/19/07,1453
12/18/07,1454.97998
12/17/07,1445.900024
12/14/07,1467.949951
12/13/07,1488.410034
12/12/07,1486.589966
12/11/07,1477.650024
12/10/07,1515.959961
12/7/07,1504.660034
12/6/07,1507.339966
12/5/07,1485.01001
12/4/07,1462.790039
12/3/07,1472.420044
11/30/07,1481.140015
11/29/07,1469.719971
11/28/07,1469.02002
11/27/07,1428.22998
11/26/07,1407.219971
11/23/07,1440.699951
11/21/07,1416.77002
11/20/07,1439.699951
11/19/07,1433.27002
11/16/07,1458.73999
11/15/07,1451.150024
11/14/07,1470.579956
11/13/07,1481.050049
11/12/07,1439.180054
11/9/07,1453.699951
11/8/07,1474.77002
11/7/07,1475.619995
11/6/07,1520.27002
11/5/07,1502.170044
11/2/07,1509.650024
11/1/07,1508.439941
10/31/07,1549.380005
10/30/07,1531.02002
10/29/07,1540.97998
10/26/07,1535.280029
10/25/07,1514.400024
10/24/07,1515.880005
10/23/07,1519.589966
10/22/07,1506.329956
10/19/07,1500.630005
10/18/07,1540.079956
10/17/07,1541.23999
10/16/07,1538.530029
10/15/07,1548.709961
10/12/07,1561.800049
10/11/07,1554.410034
10/10/07,1562.469971
10/9/07,1565.150024
10/8/07,1552.579956
10/5/07,1557.589966
10/4/07,1542.839966
10/3/07,1539.589966
10/2/07,1546.630005
10/1/07,1547.040039
9/28/07,1526.75
9/27/07,1531.380005
9/26/07,1525.420044
9/25/07,1517.209961
9/24/07,1517.72998
9/21/07,1525.75
9/20/07,1518.75
9/19/07,1529.030029
9/18/07,1519.780029
9/17/07,1476.650024
9/14/07,1484.25
9/13/07,1483.949951
9/12/07,1471.560059
9/11/07,1471.48999
9/10/07,1451.699951
9/7/07,1453.550049
9/6/07,1478.550049
9/5/07,1472.290039
9/4/07,1489.420044
8/31/07,1473.98999
8/30/07,1457.640015
8/29/07,1463.76001
8/28/07,1432.359985
8/27/07,1466.790039
8/24/07,1479.369995
8/23/07,1462.5
8/22/07,1464.069946
8/21/07,1447.119995
8/20/07,1445.550049
8/17/07,1445.939941
8/16/07,1411.27002
8/15/07,1406.699951
8/14/07,1426.540039
8/13/07,1452.920044
8/10/07,1453.640015
8/9/07,1453.089966
8/8/07,1497.48999
8/7/07,1476.709961
8/6/07,1467.670044
8/3/07,1433.060059
8/2/07,1472.199951
8/1/07,1465.810059
7/31/07,1455.27002
7/30/07,1473.910034
7/27/07,1458.949951
7/26/07,1482.660034
7/25/07,1518.089966
7/24/07,1511.040039
7/23/07,1541.569946
7/20/07,1534.099976
7/19/07,1553.079956
7/18/07,1546.170044
7/17/07,1549.369995
7/16/07,1549.52002
7/13/07,1552.5
7/12/07,1547.699951
7/11/07,1518.76001
7/10/07,1510.119995
7/9/07,1531.849976
7/6/07,1530.439941
7/5/07,1525.400024
7/3/07,1524.869995
7/2/07,1519.430054
6/29/07,1503.349976
6/28/07,1505.709961
6/27/07,1506.339966
6/26/07,1492.890015
6/25/07,1497.73999
6/22/07,1502.560059
6/21/07,1522.189941
6/20/07,1512.839966
6/19/07,1533.699951
6/18/07,1531.050049
6/15/07,1532.910034
6/14/07,1522.969971
6/13/07,1515.670044
6/12/07,1493
6/11/07,1509.119995
6/8/07,1507.670044
6/7/07,1490.719971
6/6/07,1517.380005
6/5/07,1530.949951
6/4/07,1539.180054
6/1/07,1536.339966
5/31/07,1530.619995
5/30/07,1530.22998
5/29/07,1518.109985
5/25/07,1515.72998
5/24/07,1507.51001
5/23/07,1522.280029
5/22/07,1524.119995
5/21/07,1525.099976
5/18/07,1522.75
5/17/07,1512.75
5/16/07,1514.140015
5/15/07,1501.189941
5/14/07,1503.150024
5/11/07,1505.849976
5/10/07,1491.469971
5/9/07,1512.579956
5/8/07,1507.719971
5/7/07,1509.47998
5/4/07,1505.619995
5/3/07,1502.390015
5/2/07,1495.920044
5/1/07,1486.300049
4/30/07,1482.369995
4/27/07,1494.069946
4/26/07,1494.25
4/25/07,1495.420044
4/24/07,1480.410034
4/23/07,1480.930054
4/20/07,1484.349976
4/19/07,1470.72998
4/18/07,1472.5
4/17/07,1471.47998
4/16/07,1468.329956
4/13/07,1452.849976
4/12/07,1447.800049
4/11/07,1438.869995
4/10/07,1448.390015
4/9/07,1444.609985
4/5/07,1443.76001
4/4/07,1439.369995
4/3/07,1437.77002
4/2/07,1424.550049
3/30/07,1420.859985
3/29/07,1422.530029
3/28/07,1417.22998
3/27/07,1428.609985
3/26/07,1437.5
3/23/07,1436.109985
3/22/07,1434.540039
3/21/07,1435.040039
3/20/07,1410.939941
3/19/07,1402.060059
3/16/07,1386.949951
3/15/07,1392.280029
3/14/07,1387.170044
3/13/07,1377.949951
3/12/07,1406.599976
3/9/07,1402.839966
3/8/07,1401.890015
3/7/07,1391.969971
3/6/07,1395.410034
3/5/07,1374.119995
3/2/07,1387.170044
3/1/07,1403.170044
2/28/07,1406.819946
2/27/07,1399.040039
2/26/07,1449.369995
2/23/07,1451.189941
2/22/07,1456.380005
2/21/07,1457.630005
2/20/07,1459.680054
2/16/07,1455.540039
2/15/07,1456.810059
2/14/07,1455.300049
2/13/07,1444.26001
2/12/07,1433.369995
2/9/07,1438.060059
2/8/07,1448.310059
2/7/07,1450.02002
2/6/07,1448
2/5/07,1446.98999
2/2/07,1448.390015
2/1/07,1445.939941
1/31/07,1438.23999
1/30/07,1428.819946
1/29/07,1420.619995
1/26/07,1422.180054
1/25/07,1423.900024
1/24/07,1440.130005
1/23/07,1427.98999
1/22/07,1422.949951
1/19/07,1430.5
1/18/07,1426.369995
1/17/07,1430.619995
1/16/07,1431.900024
1/12/07,1430.72998
1/11/07,1423.819946
1/10/07,1414.849976
1/9/07,1412.109985
1/8/07,1412.839966
1/5/07,1409.709961
1/4/07,1418.339966
1/3/07,1416.599976
12/29/06,1418.300049
12/28/06,1424.72998
12/27/06,1426.839966
12/26/06,1416.900024
12/22/06,1410.76001
12/21/06,1418.300049
12/20/06,1423.530029
12/19/06,1425.550049
12/18/06,1422.47998
12/15/06,1427.089966
12/14/06,1425.48999
12/13/06,1413.209961
12/12/06,1411.560059
12/11/06,1413.040039
12/8/06,1409.839966
12/7/06,1407.290039
12/6/06,1412.900024
12/5/06,1414.76001
12/4/06,1409.119995
12/1/06,1396.709961
11/30/06,1400.630005
11/29/06,1399.47998
11/28/06,1386.719971
11/27/06,1381.959961
11/24/06,1400.949951
11/22/06,1406.089966
11/21/06,1402.810059
11/20/06,1400.5
11/17/06,1401.199951
11/16/06,1399.76001
11/15/06,1396.569946
11/14/06,1393.219971
11/13/06,1384.420044
11/10/06,1380.900024
11/9/06,1378.329956
11/8/06,1385.719971
11/7/06,1382.839966
11/6/06,1379.780029
11/3/06,1364.300049
11/2/06,1367.339966
11/1/06,1367.810059
10/31/06,1377.939941
10/30/06,1377.930054
10/27/06,1377.339966
10/26/06,1389.079956
10/25/06,1382.219971
10/24/06,1377.380005
10/23/06,1377.02002
10/20/06,1368.599976
10/19/06,1366.959961
10/18/06,1365.800049
10/17/06,1364.050049
10/16/06,1369.060059
10/13/06,1365.619995
10/12/06,1362.829956
10/11/06,1349.949951
10/10/06,1353.420044
10/9/06,1350.660034
10/6/06,1349.589966
10/5/06,1353.219971
10/4/06,1350.199951
10/3/06,1334.109985
10/2/06,1331.319946
9/29/06,1335.849976
9/28/06,1338.880005
9/27/06,1336.589966
9/26/06,1336.349976
9/25/06,1326.369995
9/22/06,1314.780029
9/21/06,1318.030029
9/20/06,1325.180054
9/19/06,1317.640015
9/18/06,1321.180054
9/15/06,1319.660034
9/14/06,1316.280029
9/13/06,1318.069946
9/12/06,1313
9/11/06,1299.540039
9/8/06,1298.920044
9/7/06,1294.02002
9/6/06,1300.26001
9/5/06,1313.25
9/1/06,1311.01001
8/31/06,1303.819946
8/30/06,1305.369995
8/29/06,1304.280029
8/28/06,1301.780029
8/25/06,1295.089966
8/24/06,1296.060059
8/23/06,1292.98999
8/22/06,1298.819946
8/21/06,1297.52002
8/18/06,1302.300049
8/17/06,1297.47998
8/16/06,1295.430054
8/15/06,1285.579956
8/14/06,1268.209961
8/11/06,1266.73999
8/10/06,1271.810059
8/9/06,1265.949951
8/8/06,1271.47998
8/7/06,1275.77002
8/4/06,1279.359985
8/3/06,1280.27002
8/2/06,1277.410034
8/1/06,1270.920044
7/31/06,1276.660034
7/28/06,1278.550049
7/27/06,1263.199951
7/26/06,1268.400024
7/25/06,1268.880005
7/24/06,1260.910034
7/21/06,1240.290039
7/20/06,1249.130005
7/19/06,1259.810059
7/18/06,1236.859985
7/17/06,1234.48999
7/14/06,1236.199951
7/13/06,1242.280029
7/12/06,1258.599976
7/11/06,1272.430054
7/10/06,1267.339966
7/7/06,1265.47998
7/6/06,1274.079956
7/5/06,1270.910034
7/3/06,1280.189941
6/30/06,1270.199951
6/29/06,1272.869995
6/28/06,1246
6/27/06,1239.199951
6/26/06,1250.560059
6/23/06,1244.5
6/22/06,1245.599976
6/21/06,1252.199951
6/20/06,1240.119995
6/19/06,1240.130005
6/16/06,1251.540039
6/15/06,1256.160034
6/14/06,1230.040039
6/13/06,1223.689941
6/12/06,1237.439941
6/9/06,1252.300049
6/8/06,1257.930054
6/7/06,1256.150024
6/6/06,1263.849976
6/5/06,1265.290039
6/2/06,1288.219971
6/1/06,1285.709961
5/31/06,1270.089966
5/30/06,1259.869995
5/26/06,1280.160034
5/25/06,1272.880005
5/24/06,1258.569946
5/23/06,1256.579956
5/22/06,1262.069946
5/19/06,1267.030029
5/18/06,1261.810059
5/17/06,1270.319946
5/16/06,1292.079956
5/15/06,1294.5
5/12/06,1291.23999
5/11/06,1305.920044
5/10/06,1322.849976
5/9/06,1325.140015
5/8/06,1324.660034
5/5/06,1325.76001
5/4/06,1312.25
5/3/06,1308.119995
5/2/06,1313.209961
5/1/06,1305.189941
4/28/06,1310.609985
4/27/06,1309.719971
4/26/06,1305.410034
4/25/06,1301.73999
4/24/06,1308.109985
4/21/06,1311.280029
4/20/06,1311.459961
4/19/06,1309.930054
4/18/06,1307.280029
4/17/06,1285.329956
4/13/06,1289.119995
4/12/06,1288.119995
4/11/06,1286.569946
4/10/06,1296.619995
4/7/06,1295.5
4/6/06,1309.040039
4/5/06,1311.560059
4/4/06,1305.930054
4/3/06,1297.810059
3/31/06,1294.869995
3/30/06,1300.25
3/29/06,1302.890015
3/28/06,1293.22998
3/27/06,1301.609985
3/24/06,1302.949951
3/23/06,1301.670044
3/22/06,1305.040039
3/21/06,1297.22998
3/20/06,1305.079956
3/17/06,1307.25
3/16/06,1305.329956
3/15/06,1303.02002
3/14/06,1297.47998
3/13/06,1284.130005
3/10/06,1281.420044
3/9/06,1272.22998
3/8/06,1278.469971
3/7/06,1275.880005
3/6/06,1278.26001
3/3/06,1287.22998
3/2/06,1289.140015
3/1/06,1291.23999
2/28/06,1280.660034
2/27/06,1294.119995
2/24/06,1289.430054
2/23/06,1287.790039
2/22/06,1292.670044
2/21/06,1283.030029
2/17/06,1287.23999
2/16/06,1289.380005
2/15/06,1280
2/14/06,1275.530029
2/13/06,1262.859985
2/10/06,1266.98999
2/9/06,1263.780029
2/8/06,1265.650024
2/7/06,1254.780029
2/6/06,1265.02002
2/3/06,1264.030029
2/2/06,1270.839966
2/1/06,1282.459961
1/31/06,1280.079956
1/30/06,1285.189941
1/27/06,1283.719971
1/26/06,1273.829956
1/25/06,1264.680054
1/24/06,1266.859985
1/23/06,1263.819946
1/20/06,1261.48999
1/19/06,1285.040039
1/18/06,1277.930054
1/17/06,1282.930054
1/13/06,1287.609985
1/12/06,1286.060059
1/11/06,1294.180054
1/10/06,1289.689941
1/9/06,1290.150024
1/6/06,1285.449951
1/5/06,1273.47998
1/4/06,1273.459961
1/3/06,1268.800049
12/30/05,1248.290039
12/29/05,1254.420044
12/28/05,1258.170044
12/27/05,1256.540039
12/23/05,1268.660034
12/22/05,1268.119995
12/21/05,1262.790039
12/20/05,1259.619995
12/19/05,1259.920044
12/16/05,1267.319946
12/15/05,1270.939941
12/14/05,1272.73999
12/13/05,1267.430054
12/12/05,1260.430054
12/9/05,1259.369995
12/8/05,1255.839966
12/7/05,1257.369995
12/6/05,1263.699951
12/5/05,1262.089966
12/2/05,1265.079956
12/1/05,1264.670044
11/30/05,1249.47998
11/29/05,1257.47998
11/28/05,1257.459961
11/25/05,1268.25
11/23/05,1265.609985
11/22/05,1261.22998
11/21/05,1254.849976
11/18/05,1248.27002
11/17/05,1242.800049
11/16/05,1231.209961
11/15/05,1229.01001
11/14/05,1233.76001
11/11/05,1234.719971
11/10/05,1230.959961
11/9/05,1220.650024
11/8/05,1218.589966
11/7/05,1222.810059
11/4/05,1220.140015
11/3/05,1219.939941
11/2/05,1214.76001
11/1/05,1202.76001
10/31/05,1207.01001
10/28/05,1198.410034
10/27/05,1178.900024
10/26/05,1191.380005
10/25/05,1196.540039
10/24/05,1199.380005
10/21/05,1179.589966
10/20/05,1177.800049
10/19/05,1195.76001
10/18/05,1178.140015
10/17/05,1190.099976
10/14/05,1186.569946
10/13/05,1176.839966
10/12/05,1177.680054
10/11/05,1184.869995
10/10/05,1187.329956
10/7/05,1195.900024
10/6/05,1191.48999
10/5/05,1196.390015
10/4/05,1214.469971
10/3/05,1226.699951
9/30/05,1228.810059
9/29/05,1227.680054
9/28/05,1216.890015
9/27/05,1215.660034
9/26/05,1215.630005
9/23/05,1215.290039
9/22/05,1214.619995
9/21/05,1210.199951
9/20/05,1221.339966
9/19/05,1231.02002
9/16/05,1237.910034
9/15/05,1227.72998
9/14/05,1227.160034
9/13/05,1231.199951
9/12/05,1240.560059
9/9/05,1241.47998
9/8/05,1231.670044
9/7/05,1236.359985
9/6/05,1233.390015
9/2/05,1218.02002
9/1/05,1221.589966
8/31/05,1220.329956
8/30/05,1208.410034
8/29/05,1212.280029
8/26/05,1205.099976
8/25/05,1212.369995
8/24/05,1209.589966
8/23/05,1217.589966
8/22/05,1221.72998
8/19/05,1219.709961
8/18/05,1219.02002
8/17/05,1220.23999
8/16/05,1219.339966
8/15/05,1233.869995
8/12/05,1230.390015
8/11/05,1237.810059
8/10/05,1229.130005
8/9/05,1231.380005
8/8/05,1223.130005
8/5/05,1226.420044
8/4/05,1235.859985
8/3/05,1245.040039
8/2/05,1244.119995
8/1/05,1235.349976
7/29/05,1234.180054
7/28/05,1243.719971
7/27/05,1236.790039
7/26/05,1231.160034
7/25/05,1229.030029
7/22/05,1233.680054
7/21/05,1227.040039
7/20/05,1235.199951
7/19/05,1229.349976
7/18/05,1221.130005
7/15/05,1227.920044
7/14/05,1226.5
7/13/05,1223.290039
7/12/05,1222.209961
7/11/05,1219.439941
7/8/05,1211.859985
7/7/05,1197.869995
7/6/05,1194.939941
7/5/05,1204.98999
7/1/05,1194.439941
6/30/05,1191.329956
6/29/05,1199.849976
6/28/05,1201.569946
6/27/05,1190.689941
6/24/05,1191.569946
6/23/05,1200.72998
6/22/05,1213.880005
6/21/05,1213.609985
6/20/05,1216.099976
6/17/05,1216.959961
6/16/05,1210.959961
6/15/05,1206.579956
6/14/05,1203.910034
6/13/05,1200.819946
6/10/05,1198.109985
6/9/05,1200.930054
6/8/05,1194.670044
6/7/05,1197.26001
6/6/05,1197.51001
6/3/05,1196.02002
6/2/05,1204.290039
6/1/05,1202.219971
5/31/05,1191.5
5/27/05,1198.780029
5/26/05,1197.619995
5/25/05,1190.01001
5/24/05,1194.069946
5/23/05,1193.859985
5/20/05,1189.280029
5/19/05,1191.079956
5/18/05,1185.560059
5/17/05,1173.800049
5/16/05,1165.689941
5/13/05,1154.050049
5/12/05,1159.359985
5/11/05,1171.109985
5/10/05,1166.219971
5/9/05,1178.839966
5/6/05,1171.349976
5/5/05,1172.630005
5/4/05,1175.650024
5/3/05,1161.170044
5/2/05,1162.160034
4/29/05,1156.849976
4/28/05,1143.219971
4/27/05,1156.380005
4/26/05,1151.829956
4/25/05,1162.099976
4/22/05,1152.119995
4/21/05,1159.949951
4/20/05,1137.5
4/19/05,1152.780029
4/18/05,1145.97998
4/15/05,1142.619995
4/14/05,1162.050049
4/13/05,1173.790039
4/12/05,1187.76001
4/11/05,1181.209961
4/8/05,1181.199951
4/7/05,1191.140015
4/6/05,1184.069946
4/5/05,1181.390015
4/4/05,1176.119995
4/1/05,1172.920044
3/31/05,1180.589966
3/30/05,1181.410034
3/29/05,1165.359985
3/28/05,1174.280029
3/24/05,1171.420044
3/23/05,1172.530029
3/22/05,1171.709961
3/21/05,1183.780029
3/18/05,1189.650024
3/17/05,1190.209961
3/16/05,1188.069946
3/15/05,1197.75
3/14/05,1206.829956
3/11/05,1200.079956
3/10/05,1209.25
3/9/05,1207.01001
3/8/05,1219.430054
3/7/05,1225.310059
3/4/05,1222.119995
3/3/05,1210.469971
3/2/05,1210.079956
3/1/05,1210.410034
2/28/05,1203.599976
2/25/05,1211.369995
2/24/05,1200.199951
2/23/05,1190.800049
2/22/05,1184.160034
2/18/05,1201.589966
2/17/05,1200.75
2/16/05,1210.339966
2/15/05,1210.119995
2/14/05,1206.140015
2/11/05,1205.300049
2/10/05,1197.01001
2/9/05,1191.98999
2/8/05,1202.300049
2/7/05,1201.719971
2/4/05,1203.030029
2/3/05,1189.890015
2/2/05,1193.189941
2/1/05,1189.410034
1/31/05,1181.27002
1/28/05,1171.359985
1/27/05,1174.550049
1/26/05,1174.069946
1/25/05,1168.410034
1/24/05,1163.75
1/21/05,1167.869995
1/20/05,1175.410034
1/19/05,1184.630005
1/18/05,1195.97998
1/14/05,1184.52002
1/13/05,1177.449951
1/12/05,1187.699951
1/11/05,1182.98999
1/10/05,1190.25
1/7/05,1186.189941
1/6/05,1187.890015
1/5/05,1183.73999
1/4/05,1188.050049
1/3/05,1202.079956
12/31/04,1211.920044
12/30/04,1213.550049
12/29/04,1213.449951
12/28/04,1213.540039
12/27/04,1204.920044
12/23/04,1210.130005
12/22/04,1209.569946
12/21/04,1205.449951
12/20/04,1194.650024
12/17/04,1194.199951
12/16/04,1203.209961
12/15/04,1205.719971
12/14/04,1203.380005
12/13/04,1198.680054
12/10/04,1188
12/9/04,1189.23999
12/8/04,1182.810059
12/7/04,1177.069946
12/6/04,1190.25
12/3/04,1191.170044
12/2/04,1190.329956
12/1/04,1191.369995
11/30/04,1173.819946
11/29/04,1178.569946
11/26/04,1182.650024
11/24/04,1181.76001
11/23/04,1176.939941
11/22/04,1177.23999
11/19/04,1170.339966
11/18/04,1183.550049
11/17/04,1181.939941
11/16/04,1175.430054
11/15/04,1183.810059
11/12/04,1184.170044
11/11/04,1173.47998
11/10/04,1162.910034
11/9/04,1164.079956
11/8/04,1164.890015
11/5/04,1166.170044
11/4/04,1161.670044
11/3/04,1143.199951
11/2/04,1130.560059
11/1/04,1130.51001
10/29/04,1130.199951
10/28/04,1127.439941
10/27/04,1125.400024
10/26/04,1111.089966
10/25/04,1094.800049
10/22/04,1095.73999
10/21/04,1106.48999
10/20/04,1103.660034
10/19/04,1103.22998
10/18/04,1114.02002
10/15/04,1108.199951
10/14/04,1103.290039
10/13/04,1113.650024
10/12/04,1121.839966
10/11/04,1124.390015
10/8/04,1122.140015
10/7/04,1130.650024
10/6/04,1142.050049
10/5/04,1134.47998
10/4/04,1135.170044
10/1/04,1131.5
9/30/04,1114.579956
9/29/04,1114.800049
9/28/04,1110.060059
9/27/04,1103.52002
9/24/04,1110.109985
9/23/04,1108.359985
9/22/04,1113.560059
9/21/04,1129.300049
9/20/04,1122.199951
9/17/04,1128.550049
9/16/04,1123.5
9/15/04,1120.369995
9/14/04,1128.329956
9/13/04,1125.819946
9/10/04,1123.920044
9/9/04,1118.380005
9/8/04,1116.27002
9/7/04,1121.300049
9/3/04,1113.630005
9/2/04,1118.310059
9/1/04,1105.910034
8/31/04,1104.23999
8/30/04,1099.150024
8/27/04,1107.77002
8/26/04,1105.089966
8/25/04,1104.959961
8/24/04,1096.189941
8/23/04,1095.680054
8/20/04,1098.349976
8/19/04,1091.22998
8/18/04,1095.170044
8/17/04,1081.709961
8/16/04,1079.339966
8/13/04,1064.800049
8/12/04,1063.22998
8/11/04,1075.790039
8/10/04,1079.040039
8/9/04,1065.219971
8/6/04,1063.969971
8/5/04,1080.699951
8/4/04,1098.630005
8/3/04,1099.689941
8/2/04,1106.619995
7/30/04,1101.719971
7/29/04,1100.430054
7/28/04,1095.420044
7/27/04,1094.829956
7/26/04,1084.069946
7/23/04,1086.199951
7/22/04,1096.839966
7/21/04,1093.880005
7/20/04,1108.670044
7/19/04,1100.900024
7/16/04,1101.390015
7/15/04,1106.689941
7/14/04,1111.469971
7/13/04,1115.140015
7/12/04,1114.349976
7/9/04,1112.810059
7/8/04,1109.109985
7/7/04,1118.329956
7/6/04,1116.209961
7/2/04,1125.380005
7/1/04,1128.939941
6/30/04,1140.839966
6/29/04,1136.199951
6/28/04,1133.349976
6/25/04,1134.430054
6/24/04,1140.650024
6/23/04,1144.060059
6/22/04,1134.410034
6/21/04,1130.300049
6/18/04,1135.02002
6/17/04,1132.050049
6/16/04,1133.560059
6/15/04,1132.01001
6/14/04,1125.290039
6/10/04,1136.469971
6/9/04,1131.329956
6/8/04,1142.180054
6/7/04,1140.420044
6/4/04,1122.5
6/3/04,1116.640015
6/2/04,1124.98999
6/1/04,1121.199951
5/28/04,1120.680054
5/27/04,1121.280029
5/26/04,1114.939941
5/25/04,1113.050049
5/24/04,1095.410034
5/21/04,1093.560059
5/20/04,1089.189941
5/19/04,1088.680054
5/18/04,1091.48999
5/17/04,1084.099976
5/14/04,1095.699951
5/13/04,1096.439941
5/12/04,1097.280029
5/11/04,1095.449951
5/10/04,1087.119995
5/7/04,1098.699951
5/6/04,1113.98999
5/5/04,1121.530029
5/4/04,1119.550049
5/3/04,1117.48999
4/30/04,1107.300049
4/29/04,1113.890015
4/28/04,1122.410034
4/27/04,1138.109985
4/26/04,1135.530029
4/23/04,1140.599976
4/22/04,1139.930054
4/21/04,1124.089966
4/20/04,1118.150024
4/19/04,1135.819946
4/16/04,1134.609985
4/15/04,1128.839966
4/14/04,1128.170044
4/13/04,1129.439941
4/12/04,1145.199951
4/8/04,1139.319946
4/7/04,1140.530029
4/6/04,1148.160034
4/5/04,1150.569946
4/2/04,1141.810059
4/1/04,1132.170044
3/31/04,1126.209961
3/30/04,1127
3/29/04,1122.469971
3/26/04,1108.060059
3/25/04,1109.189941
3/24/04,1091.329956
3/23/04,1093.949951
3/22/04,1095.400024
3/19/04,1109.780029
3/18/04,1122.319946
3/17/04,1123.75
3/16/04,1110.699951
3/15/04,1104.48999
3/12/04,1120.569946
3/11/04,1106.780029
3/10/04,1123.890015
3/9/04,1140.579956
3/8/04,1147.199951
3/5/04,1156.859985
3/4/04,1154.869995
3/3/04,1151.030029
3/2/04,1149.099976
3/1/04,1155.969971
2/27/04,1144.939941
2/26/04,1144.910034
2/25/04,1143.670044
2/24/04,1139.089966
2/23/04,1140.98999
2/20/04,1144.109985
2/19/04,1147.060059
2/18/04,1151.819946
2/17/04,1156.98999
2/13/04,1145.810059
2/12/04,1152.109985
2/11/04,1157.76001
2/10/04,1145.540039
2/9/04,1139.810059
2/6/04,1142.76001
2/5/04,1128.589966
2/4/04,1126.52002
2/3/04,1136.030029
2/2/04,1135.26001
1/30/04,1131.130005
1/29/04,1134.109985
1/28/04,1128.47998
1/27/04,1144.050049
1/26/04,1155.369995
1/23/04,1141.550049
1/22/04,1143.939941
1/21/04,1147.619995
1/20/04,1138.77002
1/16/04,1139.829956
1/15/04,1132.050049
1/14/04,1130.52002
1/13/04,1121.219971
1/12/04,1127.22998
1/9/04,1121.859985
1/8/04,1131.920044
1/7/04,1126.329956
1/6/04,1123.670044
1/5/04,1122.219971
1/2/04,1108.47998
12/31/03,1111.920044
12/30/03,1109.640015
12/29/03,1109.47998
12/26/03,1095.890015
12/24/03,1094.040039
12/23/03,1096.02002
12/22/03,1092.939941
12/19/03,1088.660034
12/18/03,1089.180054
12/17/03,1076.47998
12/16/03,1075.130005
12/15/03,1068.040039
12/12/03,1074.140015
12/11/03,1071.209961
12/10/03,1059.050049
12/9/03,1060.180054
12/8/03,1069.300049
12/5/03,1061.5
12/4/03,1069.719971
12/3/03,1064.72998
12/2/03,1066.619995
12/1/03,1070.119995
11/28/03,1058.199951
11/26/03,1058.449951
11/25/03,1053.890015
11/24/03,1052.079956
11/21/03,1035.280029
11/20/03,1033.650024
11/19/03,1042.439941
11/18/03,1034.150024
11/17/03,1043.630005
11/14/03,1050.349976
11/13/03,1058.410034
11/12/03,1058.530029
11/11/03,1046.569946
11/10/03,1047.109985
11/7/03,1053.209961
11/6/03,1058.050049
11/5/03,1051.810059
11/4/03,1053.25
11/3/03,1059.02002
10/31/03,1050.709961
10/30/03,1046.939941
10/29/03,1048.109985
10/28/03,1046.790039
10/27/03,1031.130005
10/24/03,1028.910034
10/23/03,1033.77002
10/22/03,1030.359985
10/21/03,1046.030029
10/20/03,1044.680054
10/17/03,1039.319946
10/16/03,1050.069946
10/15/03,1046.76001
10/14/03,1049.47998
10/13/03,1045.349976
10/10/03,1038.060059
10/9/03,1038.72998
10/8/03,1033.780029
10/7/03,1039.25
10/6/03,1034.349976
10/3/03,1029.849976
10/2/03,1020.23999
10/1/03,1018.219971
9/30/03,995.969971
9/29/03,1006.580017
9/26/03,996.849976
9/25/03,1003.27002
9/24/03,1009.380005
9/23/03,1029.030029
9/22/03,1022.820007
9/19/03,1036.300049
9/18/03,1039.579956
9/17/03,1025.969971
9/16/03,1029.319946
9/15/03,1014.809998
9/12/03,1018.630005
9/11/03,1016.419983
9/10/03,1010.919983
9/9/03,1023.169983
9/8/03,1031.640015
9/5/03,1021.390015
9/4/03,1027.969971
9/3/03,1026.27002
9/2/03,1021.98999
8/29/03,1008.01001
8/28/03,1002.840027
8/27/03,996.789978
8/26/03,996.72998
8/25/03,993.710022
8/22/03,993.059998
8/21/03,1003.27002
8/20/03,1000.299988
8/19/03,1002.349976
8/18/03,999.73999
8/15/03,990.669983
8/14/03,990.51001
8/13/03,984.030029
8/12/03,990.349976
8/11/03,980.590027
8/8/03,977.590027
8/7/03,974.119995
8/6/03,967.080017
8/5/03,965.460022
8/4/03,982.820007
8/1/03,980.150024
7/31/03,990.309998
7/30/03,987.48999
7/29/03,989.280029
7/28/03,996.52002
7/25/03,998.679993
7/24/03,981.599976
7/23/03,988.609985
7/22/03,988.109985
7/21/03,978.799988
7/18/03,993.320007
7/17/03,981.72998
7/16/03,994.090027
7/15/03,1000.419983
7/14/03,1003.859985
7/11/03,998.140015
7/10/03,988.700012
7/9/03,1002.210022
7/8/03,1007.840027
7/7/03,1004.419983
7/3/03,985.700012
7/2/03,993.75
7/1/03,982.320007
6/30/03,974.5
6/27/03,976.219971
6/26/03,985.820007
6/25/03,975.320007
6/24/03,983.450012
6/23/03,981.640015
6/20/03,995.690002
6/19/03,994.700012
6/18/03,1010.090027
6/17/03,1011.659973
6/16/03,1010.73999
6/13/03,988.609985
6/12/03,998.51001
6/11/03,997.47998
6/10/03,984.840027
6/9/03,975.929993
6/6/03,987.76001
6/5/03,990.140015
6/4/03,986.23999
6/3/03,971.559998
6/2/03,967
5/30/03,963.590027
5/29/03,949.640015
5/28/03,953.219971
5/27/03,951.47998
5/23/03,933.219971
5/22/03,931.869995
5/21/03,923.419983
5/20/03,919.72998
5/19/03,920.77002
5/16/03,944.299988
5/15/03,946.669983
5/14/03,939.280029
5/13/03,942.299988
5/12/03,945.109985
5/9/03,933.409973
5/8/03,920.27002
5/7/03,929.619995
5/6/03,934.390015
5/5/03,926.549988
5/2/03,930.080017
5/1/03,916.299988
4/30/03,916.919983
4/29/03,917.840027
4/28/03,914.840027
4/25/03,898.809998
4/24/03,911.429993
4/23/03,919.02002
4/22/03,911.369995
4/21/03,892.01001
4/17/03,893.580017
4/16/03,879.909973
4/15/03,890.809998
4/14/03,885.22998
4/11/03,868.299988
4/10/03,871.580017
4/9/03,865.98999
4/8/03,878.289978
4/7/03,879.929993
4/4/03,878.849976
4/3/03,876.450012
4/2/03,880.900024
4/1/03,858.47998
3/31/03,848.179993
3/28/03,863.5
3/27/03,868.52002
3/26/03,869.950012
3/25/03,874.73999
3/24/03,864.22998
3/21/03,895.789978
3/20/03,875.669983
3/19/03,874.02002
3/18/03,866.450012
3/17/03,862.789978
3/14/03,833.27002
3/13/03,831.900024
3/12/03,804.190002
3/11/03,800.72998
3/10/03,807.47998
3/7/03,828.890015
3/6/03,822.099976
3/5/03,829.849976
3/4/03,821.98999
3/3/03,834.809998
2/28/03,841.150024
2/27/03,837.280029
2/26/03,827.549988
2/25/03,838.570007
2/24/03,832.580017
2/21/03,848.169983
2/20/03,837.099976
2/19/03,845.130005
2/18/03,851.169983
2/14/03,834.890015
2/13/03,817.369995
2/12/03,818.679993
2/11/03,829.200012
2/10/03,835.969971
2/7/03,829.690002
2/6/03,838.150024
2/5/03,843.590027
2/4/03,848.200012
2/3/03,860.320007
1/31/03,855.700012
1/30/03,844.609985
1/29/03,864.359985
1/28/03,858.539978
1/27/03,847.47998
1/24/03,861.400024
1/23/03,887.340027
1/22/03,878.359985
1/21/03,887.619995
1/17/03,901.780029
1/16/03,914.599976
1/15/03,918.219971
1/14/03,931.659973
1/13/03,926.26001
1/10/03,927.570007
1/9/03,927.570007
1/8/03,909.929993
1/7/03,922.929993
1/6/03,929.01001
1/3/03,908.590027
1/2/03,909.030029
12/31/02,879.820007
12/30/02,879.390015
12/27/02,875.400024
12/26/02,889.659973
12/24/02,892.469971
12/23/02,897.380005
12/20/02,895.76001
12/19/02,884.25
12/18/02,891.119995
12/17/02,902.98999
12/16/02,910.400024
12/13/02,889.47998
12/12/02,901.580017
12/11/02,904.960022
12/10/02,904.450012
12/9/02,892
12/6/02,912.22998
12/5/02,906.549988
12/4/02,917.580017
12/3/02,920.75
12/2/02,934.530029
11/29/02,936.309998
11/27/02,938.869995
11/26/02,913.309998
11/25/02,932.869995
11/22/02,930.549988
11/21/02,933.76001
11/20/02,914.150024
11/19/02,896.73999
11/18/02,900.359985
11/15/02,909.830017
11/14/02,904.27002
11/13/02,882.530029
11/12/02,882.950012
11/11/02,876.190002
11/8/02,894.73999
11/7/02,902.650024
11/6/02,923.76001
11/5/02,915.390015
11/4/02,908.349976
11/1/02,900.960022
10/31/02,885.76001
10/30/02,890.710022
10/29/02,882.150024
10/28/02,890.22998
10/25/02,897.650024
10/24/02,882.5
10/23/02,896.140015
10/22/02,890.159973
10/21/02,899.719971
10/18/02,884.390015
10/17/02,879.200012
10/16/02,860.02002
10/15/02,881.27002
10/14/02,841.440002
10/11/02,835.320007
10/10/02,803.919983
10/9/02,776.76001
10/8/02,798.549988
10/7/02,785.280029
10/4/02,800.580017
10/3/02,818.950012
10/2/02,827.909973
10/1/02,847.909973
9/30/02,815.280029
9/27/02,827.369995
9/26/02,854.950012
9/25/02,839.659973
9/24/02,819.289978
9/23/02,833.700012
9/20/02,845.390015
9/19/02,843.320007
9/18/02,869.460022
9/17/02,873.52002
9/16/02,891.099976
9/13/02,889.809998
9/12/02,886.909973
9/11/02,909.450012
9/10/02,909.580017
9/9/02,902.960022
9/6/02,893.919983
9/5/02,879.150024
9/4/02,893.400024
9/3/02,878.02002
8/30/02,916.070007
8/29/02,917.799988
8/28/02,917.869995
8/27/02,934.820007
8/26/02,947.950012
8/23/02,940.859985
8/22/02,962.700012
8/21/02,949.359985
8/20/02,937.429993
8/19/02,950.700012
8/16/02,928.77002
8/15/02,930.25
8/14/02,919.619995
8/13/02,884.210022
8/12/02,903.799988
8/9/02,908.640015
8/8/02,905.460022
8/7/02,876.77002
8/6/02,859.570007
8/5/02,834.599976
8/2/02,864.23999
8/1/02,884.659973
7/31/02,911.619995
7/30/02,902.780029
7/29/02,898.960022
7/26/02,852.840027
7/25/02,838.679993
7/24/02,843.429993
7/23/02,797.700012
7/22/02,819.849976
7/19/02,847.75
7/18/02,881.559998
7/17/02,906.039978
7/16/02,900.940002
7/15/02,917.929993
7/12/02,921.390015
7/11/02,927.369995
7/10/02,920.469971
7/9/02,952.830017
7/8/02,976.97998
7/5/02,989.030029
7/3/02,953.98999
7/2/02,948.090027
7/1/02,968.650024
6/28/02,989.820007
6/27/02,990.640015
6/26/02,973.530029
6/25/02,976.140015
6/24/02,992.719971
6/21/02,989.140015
6/20/02,1006.289978
6/19/02,1019.98999
6/18/02,1037.140015
6/17/02,1036.170044
6/14/02,1007.27002
6/13/02,1009.559998
6/12/02,1020.26001
6/11/02,1013.599976
6/10/02,1030.73999
6/7/02,1027.530029
6/6/02,1029.150024
6/5/02,1049.900024
6/4/02,1040.689941
6/3/02,1040.680054
5/31/02,1067.140015
5/30/02,1064.660034
5/29/02,1067.660034
5/28/02,1074.550049
5/24/02,1083.819946
5/23/02,1097.079956
5/22/02,1086.02002
5/21/02,1079.880005
5/20/02,1091.880005
5/17/02,1106.589966
5/16/02,1098.22998
5/15/02,1091.069946
5/14/02,1097.280029
5/13/02,1074.560059
5/10/02,1054.98999
5/9/02,1073.01001
5/8/02,1088.849976
5/7/02,1049.48999
5/6/02,1052.670044
5/3/02,1073.430054
5/2/02,1084.560059
5/1/02,1086.459961
4/30/02,1076.920044
4/29/02,1065.449951
4/26/02,1076.319946
4/25/02,1091.47998
4/24/02,1093.140015
4/23/02,1100.959961
4/22/02,1107.829956
4/19/02,1125.170044
4/18/02,1124.469971
4/17/02,1126.069946
4/16/02,1128.369995
4/15/02,1102.550049
4/12/02,1111.01001
4/11/02,1103.689941
4/10/02,1130.469971
4/9/02,1117.800049
4/8/02,1125.290039
4/5/02,1122.72998
4/4/02,1126.339966
4/3/02,1125.400024
4/2/02,1136.76001
4/1/02,1146.540039
3/28/02,1147.390015
3/27/02,1144.579956
3/26/02,1138.48999
3/25/02,1131.869995
3/22/02,1148.699951
3/21/02,1153.589966
3/20/02,1151.849976
3/19/02,1170.290039
3/18/02,1165.550049
3/15/02,1166.160034
3/14/02,1153.040039
3/13/02,1154.089966
3/12/02,1165.579956
3/11/02,1168.26001
3/8/02,1164.310059
3/7/02,1157.540039
3/6/02,1162.77002
3/5/02,1146.140015
3/4/02,1153.839966
3/1/02,1131.780029
2/28/02,1106.72998
2/27/02,1109.890015
2/26/02,1109.380005
2/25/02,1109.430054
2/22/02,1089.839966
2/21/02,1080.949951
2/20/02,1097.97998
2/19/02,1083.339966
2/15/02,1104.180054
2/14/02,1116.47998
2/13/02,1118.51001
2/12/02,1107.5
2/11/02,1111.939941
2/8/02,1096.219971
2/7/02,1080.170044
2/6/02,1083.51001
2/5/02,1090.02002
2/4/02,1094.439941
2/1/02,1122.199951
1/31/02,1130.199951
1/30/02,1113.569946
1/29/02,1100.640015
1/28/02,1133.060059
1/25/02,1133.280029
1/24/02,1132.150024
1/23/02,1128.180054
1/22/02,1119.310059
1/18/02,1127.579956
1/17/02,1138.880005
1/16/02,1127.569946
1/15/02,1146.189941
1/14/02,1138.410034
1/11/02,1145.599976
1/10/02,1156.550049
1/9/02,1155.140015
1/8/02,1160.709961
1/7/02,1164.890015
1/4/02,1172.51001
1/3/02,1165.27002
1/2/02,1154.670044
12/31/01,1148.079956
12/28/01,1161.02002
12/27/01,1157.130005
12/26/01,1149.369995
12/24/01,1144.650024
12/21/01,1144.890015
12/20/01,1139.930054
12/19/01,1149.560059
12/18/01,1142.920044
12/17/01,1134.359985
12/14/01,1123.089966
12/13/01,1119.380005
12/12/01,1137.069946
12/11/01,1136.76001
12/10/01,1139.930054
12/7/01,1158.310059
12/6/01,1167.099976
12/5/01,1170.349976
12/4/01,1144.800049
12/3/01,1129.900024
11/30/01,1139.449951
11/29/01,1140.199951
11/28/01,1128.52002
11/27/01,1149.5
11/26/01,1157.420044
11/23/01,1150.339966
11/21/01,1137.030029
11/20/01,1142.660034
11/19/01,1151.060059
11/16/01,1138.650024
11/15/01,1142.23999
11/14/01,1141.209961
11/13/01,1139.089966
11/12/01,1118.329956
11/9/01,1120.310059
11/8/01,1118.540039
11/7/01,1115.800049
11/6/01,1118.859985
11/5/01,1102.839966
11/2/01,1087.199951
11/1/01,1084.099976
10/31/01,1059.780029
10/30/01,1059.790039
10/29/01,1078.300049
10/26/01,1104.609985
10/25/01,1100.089966
10/24/01,1085.199951
10/23/01,1084.780029
10/22/01,1089.900024
10/19/01,1073.47998
10/18/01,1068.609985
10/17/01,1077.089966
10/16/01,1097.540039
10/15/01,1089.97998
10/12/01,1091.650024
10/11/01,1097.430054
10/10/01,1080.98999
10/9/01,1056.75
10/8/01,1062.439941
10/5/01,1071.380005
10/4/01,1069.630005
10/3/01,1072.280029
10/2/01,1051.329956
10/1/01,1038.550049
9/28/01,1040.939941
9/27/01,1018.609985
9/26/01,1007.039978
9/25/01,1012.27002
9/24/01,1003.450012
9/21/01,965.799988
9/20/01,984.539978
9/19/01,1016.099976
9/18/01,1032.73999
9/17/01,1038.77002
9/10/01,1092.540039
9/7/01,1085.780029
9/6/01,1106.400024
9/5/01,1131.73999
9/4/01,1132.939941
8/31/01,1133.579956
8/30/01,1129.030029
8/29/01,1148.560059
8/28/01,1161.51001
8/27/01,1179.209961
8/24/01,1184.930054
8/23/01,1162.089966
8/22/01,1165.310059
8/21/01,1157.26001
8/20/01,1171.410034
8/17/01,1161.969971
8/16/01,1181.660034
8/15/01,1178.02002
8/14/01,1186.72998
8/13/01,1191.290039
8/10/01,1190.160034
8/9/01,1183.430054
8/8/01,1183.530029
8/7/01,1204.400024
8/6/01,1200.47998
8/3/01,1214.349976
8/2/01,1220.75
8/1/01,1215.930054
7/31/01,1211.22998
7/30/01,1204.52002
7/27/01,1205.819946
7/26/01,1202.930054
7/25/01,1190.48999
7/24/01,1171.650024
7/23/01,1191.030029
7/20/01,1210.849976
7/19/01,1215.02002
7/18/01,1207.709961
7/17/01,1214.439941
7/16/01,1202.449951
7/13/01,1215.680054
7/12/01,1208.140015
7/11/01,1180.180054
7/10/01,1181.52002
7/9/01,1198.780029
7/6/01,1190.589966
7/5/01,1219.23999
7/3/01,1234.449951
7/2/01,1236.719971
6/29/01,1224.380005
6/28/01,1226.199951
6/27/01,1211.069946
6/26/01,1216.76001
6/25/01,1218.599976
6/22/01,1225.349976
6/21/01,1237.040039
6/20/01,1223.140015
6/19/01,1212.579956
6/18/01,1208.430054
6/15/01,1214.359985
6/14/01,1219.869995
6/13/01,1241.599976
6/12/01,1255.849976
6/11/01,1254.390015
6/8/01,1264.959961
6/7/01,1276.959961
6/6/01,1270.030029
6/5/01,1283.569946
6/4/01,1267.109985
6/1/01,1260.670044
5/31/01,1255.819946
5/30/01,1248.079956
5/29/01,1267.930054
5/25/01,1277.890015
5/24/01,1293.170044
5/23/01,1289.050049
5/22/01,1309.380005
5/21/01,1312.829956
5/18/01,1291.959961
5/17/01,1288.48999
5/16/01,1284.98999
5/15/01,1249.439941
5/14/01,1248.920044
5/11/01,1245.670044
5/10/01,1255.180054
5/9/01,1255.540039
5/8/01,1261.199951
5/7/01,1263.51001
5/4/01,1266.609985
5/3/01,1248.579956
5/2/01,1267.430054
5/1/01,1266.439941
4/30/01,1249.459961
4/27/01,1253.050049
4/26/01,1234.52002
4/25/01,1228.75
4/24/01,1209.469971
4/23/01,1224.359985
4/20/01,1242.97998
4/19/01,1253.689941
4/18/01,1238.160034
4/17/01,1191.810059
4/16/01,1179.680054
4/12/01,1183.5
4/11/01,1165.890015
4/10/01,1168.380005
4/9/01,1137.589966
4/6/01,1128.430054
4/5/01,1151.439941
4/4/01,1103.25
4/3/01,1106.459961
4/2/01,1145.869995
3/30/01,1160.329956
3/29/01,1147.949951
3/28/01,1153.290039
3/27/01,1182.170044
3/26/01,1152.689941
3/23/01,1139.829956
3/22/01,1117.579956
3/21/01,1122.140015
3/20/01,1142.619995
3/19/01,1170.810059
3/16/01,1150.530029
3/15/01,1173.560059
3/14/01,1166.709961
3/13/01,1197.660034
3/12/01,1180.160034
3/9/01,1233.420044
3/8/01,1264.73999
3/7/01,1261.890015
3/6/01,1253.800049
3/5/01,1241.410034
3/2/01,1234.180054
3/1/01,1241.22998
2/28/01,1239.939941
2/27/01,1257.939941
2/26/01,1267.650024
2/23/01,1245.859985
2/22/01,1252.819946
2/21/01,1255.27002
2/20/01,1278.939941
2/16/01,1301.530029
2/15/01,1326.609985
2/14/01,1315.920044
2/13/01,1318.800049
2/12/01,1330.310059
2/9/01,1314.76001
2/8/01,1332.530029
2/7/01,1340.890015
2/6/01,1352.26001
2/5/01,1354.310059
2/2/01,1349.469971
2/1/01,1373.469971
1/31/01,1366.01001
1/30/01,1373.72998
1/29/01,1364.170044
1/26/01,1354.949951
1/25/01,1357.51001
1/24/01,1364.300049
1/23/01,1360.400024
1/22/01,1342.900024
1/19/01,1342.540039
1/18/01,1347.969971
1/17/01,1329.469971
1/16/01,1326.650024
1/12/01,1318.550049
1/11/01,1326.819946
1/10/01,1313.27002
1/9/01,1300.800049
1/8/01,1295.859985
1/5/01,1298.349976
1/4/01,1333.339966
1/3/01,1347.560059
1/2/01,1283.27002
12/29/00,1320.280029
12/28/00,1334.219971
12/27/00,1328.920044
12/26/00,1315.189941
12/22/00,1305.949951
12/21/00,1274.859985
12/20/00,1264.73999
12/19/00,1305.599976
12/18/00,1322.73999
12/15/00,1312.150024
12/14/00,1340.930054
12/13/00,1359.98999
12/12/00,1371.180054
12/11/00,1380.199951
12/8/00,1369.890015
12/7/00,1343.550049
12/6/00,1351.459961
12/5/00,1376.540039
12/4/00,1324.969971
12/1/00,1315.22998
11/30/00,1314.949951
11/29/00,1341.930054
11/28/00,1336.089966
11/27/00,1348.969971
11/24/00,1341.77002
11/22/00,1322.359985
11/21/00,1347.349976
11/20/00,1342.619995
11/17/00,1367.719971
11/16/00,1372.319946
11/15/00,1389.810059
11/14/00,1382.949951
11/13/00,1351.26001
11/10/00,1365.97998
11/9/00,1400.140015
11/8/00,1409.280029
11/7/00,1431.869995
11/6/00,1432.189941
11/3/00,1426.689941
11/2/00,1428.319946
11/1/00,1421.219971
10/31/00,1429.400024
10/30/00,1398.660034
10/27/00,1379.579956
10/26/00,1364.439941
10/25/00,1364.900024
10/24/00,1398.130005
10/23/00,1395.780029
10/20/00,1396.930054
10/19/00,1388.76001
10/18/00,1342.130005
10/17/00,1349.969971
10/16/00,1374.619995
10/13/00,1374.170044
10/12/00,1329.780029
10/11/00,1364.589966
10/10/00,1387.02002
10/9/00,1402.030029
10/6/00,1408.98999
10/5/00,1436.280029
10/4/00,1434.319946
10/3/00,1426.459961
10/2/00,1436.22998
9/29/00,1436.51001
9/28/00,1458.290039
9/27/00,1426.569946
9/26/00,1427.209961
9/25/00,1439.030029
9/22/00,1448.719971
9/21/00,1449.050049
9/20/00,1451.339966
9/19/00,1459.900024
9/18/00,1444.51001
9/15/00,1465.810059
9/14/00,1480.869995
9/13/00,1484.910034
9/12/00,1481.98999
9/11/00,1489.26001
9/8/00,1494.5
9/7/00,1502.51001
9/6/00,1492.25
9/5/00,1507.079956
9/1/00,1520.77002
8/31/00,1517.680054
8/30/00,1502.589966
8/29/00,1509.839966
8/28/00,1514.089966
8/25/00,1506.449951
8/24/00,1508.310059
8/23/00,1505.969971
8/22/00,1498.130005
8/21/00,1499.47998
8/18/00,1491.719971
8/17/00,1496.069946
8/16/00,1479.849976
8/15/00,1484.430054
8/14/00,1491.560059
8/11/00,1471.839966
8/10/00,1460.25
8/9/00,1472.869995
8/8/00,1482.800049
8/7/00,1479.319946
8/4/00,1462.930054
8/3/00,1452.560059
8/2/00,1438.699951
8/1/00,1438.099976
7/31/00,1430.829956
7/28/00,1419.890015
7/27/00,1449.619995
7/26/00,1452.420044
7/25/00,1474.469971
7/24/00,1464.290039
7/21/00,1480.189941
7/20/00,1495.569946
7/19/00,1481.959961
7/18/00,1493.73999
7/17/00,1510.48999
7/14/00,1509.97998
7/13/00,1495.839966
7/12/00,1492.920044
7/11/00,1480.880005
7/10/00,1475.619995
7/7/00,1478.900024
7/6/00,1456.670044
7/5/00,1446.22998
7/3/00,1469.540039
6/30/00,1454.599976
6/29/00,1442.390015
6/28/00,1454.819946
6/27/00,1450.550049
6/26/00,1455.310059
6/23/00,1441.47998
6/22/00,1452.180054
6/21/00,1479.130005
6/20/00,1475.949951
6/19/00,1486
6/16/00,1464.459961
6/15/00,1478.72998
6/14/00,1470.540039
6/13/00,1469.439941
6/12/00,1446
6/9/00,1456.949951
6/8/00,1461.670044
6/7/00,1471.359985
6/6/00,1457.839966
6/5/00,1467.630005
6/2/00,1477.26001
6/1/00,1448.810059
5/31/00,1420.599976
5/30/00,1422.449951
5/26/00,1378.02002
5/25/00,1381.52002
5/24/00,1399.050049
5/23/00,1373.859985
5/22/00,1400.719971
5/19/00,1406.949951
5/18/00,1437.209961
5/17/00,1447.800049
5/16/00,1466.040039
5/15/00,1452.359985
5/12/00,1420.959961
5/11/00,1407.810059
5/10/00,1383.050049
5/9/00,1412.140015
5/8/00,1424.170044
5/5/00,1432.630005
5/4/00,1409.569946
5/3/00,1415.099976
5/2/00,1446.290039
5/1/00,1468.25
4/28/00,1452.430054
4/27/00,1464.920044
4/26/00,1460.98999
4/25/00,1477.439941
4/24/00,1429.859985
4/20/00,1434.540039
4/19/00,1427.469971
4/18/00,1441.609985
4/17/00,1401.439941
4/14/00,1356.560059
4/13/00,1440.51001
4/12/00,1467.170044
4/11/00,1500.589966
4/10/00,1504.459961
4/7/00,1516.349976
4/6/00,1501.339966
4/5/00,1487.369995
4/4/00,1494.72998
4/3/00,1505.969971
3/31/00,1498.579956
3/30/00,1487.920044
3/29/00,1508.52002
3/28/00,1507.72998
3/27/00,1523.859985
3/24/00,1527.459961
3/23/00,1527.349976
3/22/00,1500.640015
3/21/00,1493.869995
3/20/00,1456.630005
3/17/00,1464.469971
3/16/00,1458.469971
3/15/00,1392.140015
3/14/00,1359.150024
3/13/00,1383.619995
3/10/00,1395.069946
3/9/00,1401.689941
3/8/00,1366.699951
3/7/00,1355.619995
3/6/00,1391.280029
3/3/00,1409.170044
3/2/00,1381.76001
3/1/00,1379.189941
2/29/00,1366.420044
2/28/00,1348.050049
2/25/00,1333.359985
2/24/00,1353.430054
2/23/00,1360.689941
2/22/00,1352.170044
2/18/00,1346.089966
2/17/00,1388.26001
2/16/00,1387.670044
2/15/00,1402.050049
2/14/00,1389.939941
2/11/00,1387.119995
2/10/00,1416.829956
2/9/00,1411.709961
2/8/00,1441.719971
2/7/00,1424.23999
2/4/00,1424.369995
2/3/00,1424.969971
2/2/00,1409.119995
2/1/00,1409.280029
1/31/00,1394.459961
1/28/00,1360.160034
1/27/00,1398.560059
1/26/00,1404.089966
1/25/00,1410.030029
1/24/00,1401.530029
1/21/00,1441.359985
1/20/00,1445.569946
1/19/00,1455.900024
1/18/00,1455.140015
1/14/00,1465.150024
1/13/00,1449.680054
1/12/00,1432.25
1/11/00,1438.560059
1/10/00,1457.599976
1/7/00,1441.469971
1/6/00,1403.449951
1/5/00,1402.109985
1/4/00,1399.420044
1/3/00,1455.219971
12/31/99,1469.25
12/30/99,1464.469971
12/29/99,1463.459961
12/28/99,1457.660034
12/27/99,1457.099976
12/23/99,1458.339966
12/22/99,1436.130005
12/21/99,1433.430054
12/20/99,1418.089966
12/17/99,1421.030029
12/16/99,1418.780029
12/15/99,1413.329956
12/14/99,1403.170044
12/13/99,1415.219971
12/10/99,1417.040039
12/9/99,1408.109985
12/8/99,1403.880005
12/7/99,1409.170044
12/6/99,1423.329956
12/3/99,1433.300049
12/2/99,1409.040039
12/1/99,1397.719971
11/30/99,1388.910034
11/29/99,1407.829956
11/26/99,1416.619995
11/24/99,1417.079956
11/23/99,1404.640015
11/22/99,1420.939941
11/19/99,1422
11/18/99,1424.939941
11/17/99,1410.709961
11/16/99,1420.069946
11/15/99,1394.390015
11/12/99,1396.060059
11/11/99,1381.459961
11/10/99,1373.459961
11/9/99,1365.280029
11/8/99,1377.01001
11/5/99,1370.22998
11/4/99,1362.640015
11/3/99,1354.930054
11/2/99,1347.73999
11/1/99,1354.119995
10/29/99,1362.930054
10/28/99,1342.439941
10/27/99,1296.709961
10/26/99,1281.910034
10/25/99,1293.630005
10/22/99,1301.650024
10/21/99,1283.609985
10/20/99,1289.430054
10/19/99,1261.319946
10/18/99,1254.130005
10/15/99,1247.410034
10/14/99,1283.420044
10/13/99,1285.550049
10/12/99,1313.040039
10/11/99,1335.209961
10/8/99,1336.02002
10/7/99,1317.640015
10/6/99,1325.400024
10/5/99,1301.349976
10/4/99,1304.599976
10/1/99,1282.810059
9/30/99,1282.709961
9/29/99,1268.369995
9/28/99,1282.199951
9/27/99,1283.310059
9/24/99,1277.359985
9/23/99,1280.410034
9/22/99,1310.51001
9/21/99,1307.579956
9/20/99,1335.530029
9/17/99,1335.420044
9/16/99,1318.47998
9/15/99,1317.969971
9/14/99,1336.290039
9/13/99,1344.130005
9/10/99,1351.660034
9/9/99,1347.660034
9/8/99,1344.150024
9/7/99,1350.449951
9/3/99,1357.23999
9/2/99,1319.109985
9/1/99,1331.069946
8/31/99,1320.410034
8/30/99,1324.02002
8/27/99,1348.27002
8/26/99,1362.01001
8/25/99,1381.790039
8/24/99,1363.5
8/23/99,1360.219971
8/20/99,1336.609985
8/19/99,1323.589966
8/18/99,1332.839966
8/17/99,1344.160034
8/16/99,1330.77002
8/13/99,1327.680054
8/12/99,1298.160034
8/11/99,1301.930054
8/10/99,1281.430054
8/9/99,1297.800049
8/6/99,1300.290039
8/5/99,1313.709961
8/4/99,1305.329956
8/3/99,1322.180054
8/2/99,1328.050049
7/30/99,1328.719971
7/29/99,1341.030029
7/28/99,1365.400024
7/27/99,1362.839966
7/26/99,1347.76001
7/23/99,1356.939941
7/22/99,1360.969971
7/21/99,1379.290039
7/20/99,1377.099976
7/19/99,1407.650024
7/16/99,1418.780029
7/15/99,1409.619995
7/14/99,1398.170044
7/13/99,1393.560059
7/12/99,1399.099976
7/9/99,1403.280029
7/8/99,1394.420044
7/7/99,1395.859985
7/6/99,1388.119995
7/2/99,1391.219971
7/1/99,1380.959961
6/30/99,1372.709961
6/29/99,1351.449951
6/28/99,1331.349976
6/25/99,1315.310059
6/24/99,1315.780029
6/23/99,1333.060059
6/22/99,1335.880005
6/21/99,1349
6/18/99,1342.839966
6/17/99,1339.900024
6/16/99,1330.410034
6/15/99,1301.160034
6/14/99,1294
6/11/99,1293.640015
6/10/99,1302.819946
6/9/99,1318.640015
6/8/99,1317.329956
6/7/99,1334.52002
6/4/99,1327.75
6/3/99,1299.540039
6/2/99,1294.810059
6/1/99,1294.26001
5/28/99,1301.839966
5/27/99,1281.410034
5/26/99,1304.76001
5/25/99,1284.400024
5/24/99,1306.650024
5/21/99,1330.290039
5/20/99,1338.829956
5/19/99,1344.22998
5/18/99,1333.319946
5/17/99,1339.48999
5/14/99,1337.800049
5/13/99,1367.560059
5/12/99,1364
5/11/99,1355.609985
5/10/99,1340.300049
5/7/99,1345
5/6/99,1332.050049
5/5/99,1347.310059
5/4/99,1332
5/3/99,1354.630005
4/30/99,1335.180054
4/29/99,1342.829956
4/28/99,1350.910034
4/27/99,1362.800049
4/26/99,1360.040039
4/23/99,1356.849976
4/22/99,1358.819946
4/21/99,1336.119995
4/20/99,1306.170044
4/19/99,1289.47998
4/16/99,1319
4/15/99,1322.849976
4/14/99,1328.439941
4/13/99,1349.819946
4/12/99,1358.630005
4/9/99,1348.349976
4/8/99,1343.97998
4/7/99,1326.890015
4/6/99,1317.890015
4/5/99,1321.119995
4/1/99,1293.719971
3/31/99,1286.369995
3/30/99,1300.75
3/29/99,1310.170044
3/26/99,1282.800049
3/25/99,1289.98999
3/24/99,1268.589966
3/23/99,1262.140015
3/22/99,1297.01001
3/19/99,1299.290039
3/18/99,1316.550049
3/17/99,1297.819946
3/16/99,1306.380005
3/15/99,1307.26001
3/12/99,1294.589966
3/11/99,1297.680054
3/10/99,1286.839966
3/9/99,1279.839966
3/8/99,1282.72998
3/5/99,1275.469971
3/4/99,1246.640015
3/3/99,1227.699951
3/2/99,1225.5
3/1/99,1236.160034
2/26/99,1238.329956
2/25/99,1245.02002
2/24/99,1253.410034
2/23/99,1271.180054
2/22/99,1272.140015
2/19/99,1239.219971
2/18/99,1237.280029
2/17/99,1224.030029
2/16/99,1241.869995
2/12/99,1230.130005
2/11/99,1254.040039
2/10/99,1223.550049
2/9/99,1216.140015
2/8/99,1243.77002
2/5/99,1239.400024
2/4/99,1248.48999
2/3/99,1272.069946
2/2/99,1261.98999
2/1/99,1273
1/29/99,1279.640015
1/28/99,1265.369995
1/27/99,1243.170044
1/26/99,1252.310059
1/25/99,1233.97998
1/22/99,1225.189941
1/21/99,1235.160034
1/20/99,1256.619995
1/19/99,1252
1/15/99,1243.26001
1/14/99,1212.189941
1/13/99,1234.400024
1/12/99,1239.51001
1/11/99,1263.880005
1/8/99,1275.089966
1/7/99,1269.72998
1/6/99,1272.339966
1/5/99,1244.780029
1/4/99,1228.099976
12/31/98,1229.22998
12/30/98,1231.930054
12/29/98,1241.810059
12/28/98,1225.48999
12/24/98,1226.27002
12/23/98,1228.540039
12/22/98,1203.569946
12/21/98,1202.839966
12/18/98,1188.030029
12/17/98,1179.97998
12/16/98,1161.939941
12/15/98,1162.829956
12/14/98,1141.199951
12/11/98,1166.459961
12/10/98,1165.02002
12/9/98,1183.48999
12/8/98,1181.380005
12/7/98,1187.699951
12/4/98,1176.73999
12/3/98,1150.140015
12/2/98,1171.25
12/1/98,1175.280029
11/30/98,1163.630005
11/27/98,1192.329956
11/25/98,1186.869995
11/24/98,1182.98999
11/23/98,1188.209961
11/20/98,1163.550049
11/19/98,1152.609985
11/18/98,1144.47998
11/17/98,1139.319946
11/16/98,1135.869995
11/13/98,1125.719971
11/12/98,1117.689941
11/11/98,1120.969971
11/10/98,1128.26001
11/9/98,1130.199951
11/6/98,1141.01001
11/5/98,1133.849976
11/4/98,1118.670044
11/3/98,1110.839966
11/2/98,1111.599976
10/30/98,1098.670044
10/29/98,1085.930054
10/28/98,1068.089966
10/27/98,1065.339966
10/26/98,1072.319946
10/23/98,1070.670044
10/22/98,1078.47998
10/21/98,1069.920044
10/20/98,1063.930054
10/19/98,1062.390015
10/16/98,1056.420044
10/15/98,1047.48999
10/14/98,1005.530029
10/13/98,994.799988
10/12/98,997.710022
10/9/98,984.390015
10/8/98,959.440002
10/7/98,970.679993
10/6/98,984.590027
10/5/98,988.559998
10/2/98,1002.599976
10/1/98,986.390015
9/30/98,1017.01001
9/29/98,1049.02002
9/28/98,1048.689941
9/25/98,1044.75
9/24/98,1042.719971
9/23/98,1066.089966
9/22/98,1029.630005
9/21/98,1023.890015
9/18/98,1020.090027
9/17/98,1018.869995
9/16/98,1045.47998
9/15/98,1037.680054
9/14/98,1029.719971
9/11/98,1009.059998
9/10/98,980.190002
9/9/98,1006.200012
9/8/98,1023.460022
9/4/98,973.890015
9/3/98,982.26001
9/2/98,990.47998
9/1/98,994.26001
8/31/98,957.280029
8/28/98,1027.140015
8/27/98,1042.589966
8/26/98,1084.189941
8/25/98,1092.849976
8/24/98,1088.140015
8/21/98,1081.23999
8/20/98,1091.599976
8/19/98,1098.060059
8/18/98,1101.199951
8/17/98,1083.670044
8/14/98,1062.75
8/13/98,1074.910034
8/12/98,1084.219971
8/11/98,1068.97998
8/10/98,1083.140015
8/7/98,1089.449951
8/6/98,1089.630005
8/5/98,1081.430054
8/4/98,1072.119995
8/3/98,1112.439941
7/31/98,1120.670044
7/30/98,1142.949951
7/29/98,1125.209961
7/28/98,1130.23999
7/27/98,1147.27002
7/24/98,1140.800049
7/23/98,1139.75
7/22/98,1164.079956
7/21/98,1165.069946
7/20/98,1184.099976
7/17/98,1186.75
7/16/98,1183.98999
7/15/98,1174.810059
7/14/98,1177.579956
7/13/98,1165.189941
7/10/98,1164.329956
7/9/98,1158.560059
7/8/98,1166.380005
7/7/98,1154.660034
7/6/98,1157.329956
7/2/98,1146.420044
7/1/98,1148.560059
6/30/98,1133.839966
6/29/98,1138.48999
6/26/98,1133.199951
6/25/98,1129.280029
6/24/98,1132.880005
6/23/98,1119.48999
6/22/98,1103.209961
6/19/98,1100.650024
6/18/98,1106.369995
6/17/98,1107.109985
6/16/98,1087.589966
6/15/98,1077.01001
6/12/98,1098.839966
6/11/98,1094.579956
6/10/98,1112.280029
6/9/98,1118.410034
6/8/98,1115.719971
6/5/98,1113.859985
6/4/98,1094.829956
6/3/98,1082.72998
6/2/98,1093.219971
6/1/98,1090.97998
5/29/98,1090.819946
5/28/98,1097.599976
5/27/98,1092.22998
5/26/98,1094.02002
5/22/98,1110.469971
5/21/98,1114.640015
5/20/98,1119.060059
5/19/98,1109.52002
5/18/98,1105.819946
5/15/98,1108.72998
5/14/98,1117.369995
5/13/98,1118.859985
5/12/98,1115.790039
5/11/98,1106.640015
5/8/98,1108.140015
5/7/98,1095.140015
5/6/98,1104.920044
5/5/98,1115.5
5/4/98,1122.069946
5/1/98,1121
4/30/98,1111.75
4/29/98,1094.619995
4/28/98,1085.109985
4/27/98,1086.540039
4/24/98,1107.900024
4/23/98,1119.579956
4/22/98,1130.540039
4/21/98,1126.670044
4/20/98,1123.650024
4/17/98,1122.719971
4/16/98,1108.170044
4/15/98,1119.319946
4/14/98,1115.75
4/13/98,1109.689941
4/9/98,1110.670044
4/8/98,1101.650024
4/7/98,1109.550049
4/6/98,1121.380005
4/3/98,1122.699951
4/2/98,1120.01001
4/1/98,1108.150024
3/31/98,1101.75
3/30/98,1093.599976
3/27/98,1095.439941
3/26/98,1100.800049
3/25/98,1101.930054
3/24/98,1105.650024
3/23/98,1095.550049
3/20/98,1099.160034
3/19/98,1089.73999
3/18/98,1085.52002
3/17/98,1080.449951
3/16/98,1079.27002
3/13/98,1068.609985
3/12/98,1069.920044
3/11/98,1068.469971
3/10/98,1064.25
3/9/98,1052.310059
3/6/98,1055.689941
3/5/98,1035.050049
3/4/98,1047.329956
3/3/98,1052.02002
3/2/98,1047.699951
2/27/98,1049.339966
2/26/98,1048.670044
2/25/98,1042.900024
2/24/98,1030.560059
2/23/98,1038.140015
2/20/98,1034.209961
2/19/98,1028.280029
2/18/98,1032.079956
2/17/98,1022.76001
2/13/98,1020.090027
2/12/98,1024.140015
2/11/98,1020.01001
2/10/98,1019.01001
2/9/98,1010.73999
2/6/98,1012.460022
2/5/98,1003.539978
2/4/98,1006.900024
2/3/98,1006
2/2/98,1001.27002
1/30/98,980.280029
1/29/98,985.48999
1/28/98,977.460022
1/27/98,969.02002
1/26/98,956.950012
1/23/98,957.590027
1/22/98,963.039978
1/21/98,970.809998
1/20/98,978.599976
1/16/98,961.51001
1/15/98,950.72998
1/14/98,957.940002
1/13/98,952.119995
1/12/98,939.210022
1/9/98,927.690002
1/8/98,956.049988
1/7/98,964
1/6/98,966.580017
1/5/98,977.070007
1/2/98,975.039978
12/31/97,970.429993
12/30/97,970.840027
12/29/97,953.349976
12/26/97,936.460022
12/24/97,932.700012
12/23/97,939.130005
12/22/97,953.700012
12/19/97,946.780029
12/18/97,955.299988
12/17/97,965.539978
12/16/97,968.039978
12/15/97,963.390015
12/12/97,953.390015
12/11/97,954.940002
12/10/97,969.789978
12/9/97,975.780029
12/8/97,982.369995
12/5/97,983.789978
12/4/97,973.099976
12/3/97,976.77002
12/2/97,971.679993
12/1/97,974.77002
11/28/97,955.400024
11/26/97,951.640015
11/25/97,950.820007
11/24/97,946.669983
11/21/97,963.090027
11/20/97,958.97998
11/19/97,944.590027
11/18/97,938.22998
11/17/97,946.200012
11/14/97,928.349976
11/13/97,916.659973
11/12/97,905.960022
11/11/97,923.780029
11/10/97,921.130005
11/7/97,927.51001
11/6/97,938.030029
11/5/97,942.76001
11/4/97,940.76001
11/3/97,938.98999
10/31/97,914.619995
10/30/97,903.679993
10/29/97,919.159973
10/28/97,921.849976
10/27/97,876.98999
10/24/97,941.640015
10/23/97,950.690002
10/22/97,968.48999
10/21/97,972.280029
10/20/97,955.609985
10/17/97,944.159973
10/16/97,955.25
10/15/97,965.719971
10/14/97,970.280029
10/13/97,968.099976
10/10/97,966.97998
10/9/97,970.619995
10/8/97,973.840027
10/7/97,983.119995
10/6/97,972.690002
10/3/97,965.030029
10/2/97,960.460022
10/1/97,955.409973
9/30/97,947.280029
9/29/97,953.340027
9/26/97,945.219971
9/25/97,937.909973
9/24/97,944.47998
9/23/97,951.929993
9/22/97,955.429993
9/19/97,950.51001
9/18/97,947.289978
9/17/97,943
9/16/97,945.640015
9/15/97,919.77002
9/12/97,923.909973
9/11/97,912.590027
9/10/97,919.030029
9/9/97,933.619995
9/8/97,931.200012
9/5/97,929.049988
9/4/97,930.869995
9/3/97,927.859985
9/2/97,927.580017
8/29/97,899.469971
8/28/97,903.669983
8/27/97,913.700012
8/26/97,913.02002
8/25/97,920.159973
8/22/97,923.539978
8/21/97,925.049988
8/20/97,939.349976
8/19/97,926.01001
8/18/97,912.48999
8/15/97,900.809998
8/14/97,924.77002
8/13/97,922.02002
8/12/97,926.530029
8/11/97,937
8/8/97,933.539978
8/7/97,951.190002
8/6/97,960.320007
8/5/97,952.369995
8/4/97,950.299988
8/1/97,947.140015
7/31/97,954.309998
7/30/97,952.289978
7/29/97,942.289978
7/28/97,936.450012
7/25/97,938.789978
7/24/97,940.299988
7/23/97,936.559998
7/22/97,933.97998
7/21/97,912.940002
7/18/97,915.299988
7/17/97,931.609985
7/16/97,936.590027
7/15/97,925.76001
7/14/97,918.380005
7/11/97,916.679993
7/10/97,913.780029
7/9/97,907.539978
7/8/97,918.75
7/7/97,912.200012
7/3/97,916.919983
7/2/97,904.030029
7/1/97,891.030029
6/30/97,885.140015
6/27/97,887.299988
6/26/97,883.679993
6/25/97,888.98999
6/24/97,896.340027
6/23/97,878.619995
6/20/97,898.700012
6/19/97,897.98999
6/18/97,889.059998
6/17/97,894.419983
6/16/97,893.900024
6/13/97,893.27002
6/12/97,883.460022
6/11/97,869.570007
6/10/97,865.27002
6/9/97,862.909973
6/6/97,858.01001
6/5/97,843.429993
6/4/97,840.109985
6/3/97,845.47998
6/2/97,846.359985
5/30/97,848.280029
5/29/97,844.080017
5/28/97,847.210022
5/27/97,849.710022
5/23/97,847.030029
5/22/97,835.659973
5/21/97,839.349976
5/20/97,841.659973
5/19/97,833.27002
5/16/97,829.75
5/15/97,841.880005
5/14/97,836.039978
5/13/97,833.130005
5/12/97,837.659973
5/9/97,824.780029
5/8/97,820.26001
5/7/97,815.619995
5/6/97,827.76001
5/5/97,830.289978
5/2/97,812.969971
5/1/97,798.530029
4/30/97,801.340027
4/29/97,794.049988
4/28/97,772.960022
4/25/97,765.369995
4/24/97,771.179993
4/23/97,773.640015
4/22/97,774.609985
4/21/97,760.369995
4/18/97,766.340027
4/17/97,761.77002
4/16/97,763.530029
4/15/97,754.719971
4/14/97,743.72998
4/11/97,737.650024
4/10/97,758.340027
4/9/97,760.599976
4/8/97,766.119995
4/7/97,762.130005
4/4/97,757.900024
4/3/97,750.320007
4/2/97,750.109985
4/1/97,759.640015
3/31/97,757.119995
3/27/97,773.880005
3/26/97,790.5
3/25/97,789.070007
3/24/97,790.890015
3/21/97,784.099976
3/20/97,782.650024
3/19/97,785.77002
3/18/97,789.659973
3/17/97,795.710022
3/14/97,793.169983
3/13/97,789.559998
3/12/97,804.26001
3/11/97,811.340027
3/10/97,813.650024
3/7/97,804.969971
3/6/97,798.559998
3/5/97,801.98999
3/4/97,790.950012
3/3/97,795.309998
2/28/97,790.820007
2/27/97,795.070007
2/26/97,805.679993
2/25/97,812.030029
2/24/97,810.280029
2/21/97,801.77002
2/20/97,802.799988
2/19/97,812.48999
2/18/97,816.289978
2/14/97,808.47998
2/13/97,811.820007
2/12/97,802.77002
2/11/97,789.590027
2/10/97,785.429993
2/7/97,789.559998
2/6/97,780.150024
2/5/97,778.280029
2/4/97,789.26001
2/3/97,786.72998
1/31/97,786.159973
1/30/97,784.169983
1/29/97,772.5
1/28/97,765.02002
1/27/97,765.02002
1/24/97,770.52002
1/23/97,777.559998
1/22/97,786.22998
1/21/97,782.719971
1/20/97,776.700012
1/17/97,776.169983
1/16/97,769.75
1/15/97,767.200012
1/14/97,768.859985
1/13/97,759.51001
1/10/97,759.5
1/9/97,754.849976
1/8/97,748.409973
1/7/97,753.22998
1/6/97,747.650024
1/3/97,748.030029
1/2/97,737.01001
12/31/96,740.73999
12/30/96,753.849976
12/27/96,756.789978
12/26/96,755.820007
12/24/96,751.030029
12/23/96,746.919983
12/20/96,748.869995
12/19/96,745.76001
12/18/96,731.539978
12/17/96,726.039978
12/16/96,720.97998
12/13/96,728.640015
12/12/96,729.299988
12/11/96,740.72998
12/10/96,747.539978
12/9/96,749.76001
12/6/96,739.599976
12/5/96,744.380005
12/4/96,745.099976
12/3/96,748.280029
12/2/96,756.559998
11/29/96,757.02002
11/27/96,755
11/26/96,755.960022
11/25/96,757.030029
11/22/96,748.72998
11/21/96,742.75
11/20/96,743.950012
11/19/96,742.159973
11/18/96,737.02002
11/15/96,737.619995
11/14/96,735.880005
11/13/96,731.130005
11/12/96,729.559998
11/11/96,731.869995
11/8/96,730.820007
11/7/96,727.650024
11/6/96,724.590027
11/5/96,714.140015
11/4/96,706.72998
11/1/96,703.77002
10/31/96,705.27002
10/30/96,700.900024
10/29/96,701.5
10/28/96,697.26001
10/25/96,700.919983
10/24/96,702.289978
10/23/96,707.27002
10/22/96,706.570007
10/21/96,709.849976
10/18/96,710.820007
10/17/96,706.98999
10/16/96,704.409973
10/15/96,702.570007
10/14/96,703.539978
10/11/96,700.659973
10/10/96,694.609985
10/9/96,696.73999
10/8/96,700.640015
10/7/96,703.340027
10/4/96,701.460022
10/3/96,692.780029
10/2/96,694.01001
10/1/96,689.080017
9/30/96,687.330017
9/27/96,686.190002
9/26/96,685.859985
9/25/96,685.830017
9/24/96,685.609985
9/23/96,686.47998
9/20/96,687.030029
9/19/96,683
9/18/96,681.469971
9/17/96,682.940002
9/16/96,683.97998
9/13/96,680.539978
9/12/96,671.150024
9/11/96,667.280029
9/10/96,663.809998
9/9/96,663.76001
9/6/96,655.679993
9/5/96,649.440002
9/4/96,655.609985
9/3/96,654.719971
8/30/96,651.98999
8/29/96,657.400024
8/28/96,664.809998
8/27/96,666.400024
8/26/96,663.880005
8/23/96,667.030029
8/22/96,670.679993
8/21/96,665.070007
8/20/96,665.690002
8/19/96,666.580017
8/16/96,665.210022
8/15/96,662.280029
8/14/96,662.049988
8/13/96,660.200012
8/12/96,665.77002
8/9/96,662.099976
8/8/96,662.590027
8/7/96,664.159973
8/6/96,662.380005
8/5/96,660.22998
8/2/96,662.48999
8/1/96,650.02002
7/31/96,639.950012
7/30/96,635.26001
7/29/96,630.909973
7/26/96,635.900024
7/25/96,631.169983
7/24/96,626.650024
7/23/96,626.869995
7/22/96,633.77002
7/19/96,638.72998
7/18/96,643.559998
7/17/96,634.070007
7/16/96,628.369995
7/15/96,629.799988
7/12/96,646.190002
7/11/96,645.669983
7/10/96,656.059998
7/9/96,654.75
7/8/96,652.539978
7/5/96,657.440002
7/3/96,672.400024
7/2/96,673.609985
7/1/96,675.880005
6/28/96,670.630005
6/27/96,668.549988
6/26/96,664.390015
6/25/96,668.47998
6/24/96,668.849976
6/21/96,666.840027
6/20/96,662.099976
6/19/96,661.960022
6/18/96,662.059998
6/17/96,665.159973
6/14/96,665.849976
6/13/96,667.919983
6/12/96,669.039978
6/11/96,670.969971
6/10/96,672.159973
6/7/96,673.309998
6/6/96,673.030029
6/5/96,678.440002
6/4/96,672.559998
6/3/96,667.679993
5/31/96,669.119995
5/30/96,671.700012
5/29/96,667.929993
5/28/96,672.22998
5/24/96,678.51001
5/23/96,676
5/22/96,678.419983
5/21/96,672.76001
5/20/96,673.150024
5/17/96,668.909973
5/16/96,664.849976
5/15/96,665.419983
5/14/96,665.599976
5/13/96,661.51001
5/10/96,652.090027
5/9/96,645.440002
5/8/96,644.77002
5/7/96,638.26001
5/6/96,640.809998
5/3/96,641.630005
5/2/96,643.380005
5/1/96,654.580017
4/30/96,654.169983
4/29/96,654.159973
4/26/96,653.460022
4/25/96,652.869995
4/24/96,650.169983
4/23/96,651.580017
4/22/96,647.890015
4/19/96,645.070007
4/18/96,643.609985
4/17/96,641.609985
4/16/96,645
4/15/96,642.48999
4/12/96,636.710022
4/11/96,631.179993
4/10/96,633.5
4/9/96,642.190002
4/8/96,644.23999
4/4/96,655.859985
4/3/96,655.880005
4/2/96,655.26001
4/1/96,653.72998
3/29/96,645.5
3/28/96,648.940002
3/27/96,648.909973
3/26/96,652.969971
3/25/96,650.039978
3/22/96,650.619995
3/21/96,649.190002
3/20/96,649.97998
3/19/96,651.690002
3/18/96,652.650024
3/15/96,641.429993
3/14/96,640.869995
3/13/96,638.549988
3/12/96,637.090027
3/11/96,640.02002
3/8/96,633.5
3/7/96,653.650024
3/6/96,652
3/5/96,655.789978
3/4/96,650.809998
3/1/96,644.369995
2/29/96,640.429993
2/28/96,644.75
2/27/96,647.23999
2/26/96,650.460022
2/23/96,659.080017
2/22/96,658.859985
2/21/96,648.099976
2/20/96,640.650024
2/16/96,647.97998
2/15/96,651.320007
2/14/96,655.580017
2/13/96,660.51001
2/12/96,661.450012
2/9/96,656.369995
2/8/96,656.070007
2/7/96,649.929993
2/6/96,646.330017
2/5/96,641.429993
2/2/96,635.840027
2/1/96,638.460022
1/31/96,636.02002
1/30/96,630.150024
1/29/96,624.219971
1/26/96,621.619995
1/25/96,617.030029
1/24/96,619.960022
1/23/96,612.789978
1/22/96,613.400024
1/19/96,611.830017
1/18/96,608.23999
1/17/96,606.369995
1/16/96,608.440002
1/15/96,599.820007
1/12/96,601.809998
1/11/96,602.690002
1/10/96,598.47998
1/9/96,609.450012
1/8/96,618.460022
1/5/96,616.710022
1/4/96,617.700012
1/3/96,621.320007
1/2/96,620.72998
12/29/95,615.929993
12/28/95,614.119995
12/27/95,614.530029
12/26/95,614.299988
12/22/95,611.950012
12/21/95,610.48999
12/20/95,605.940002
12/19/95,611.929993
12/18/95,606.809998
12/15/95,616.340027
12/14/95,616.919983
12/13/95,621.690002
12/12/95,618.780029
12/11/95,619.52002
12/8/95,617.47998
12/7/95,616.169983
12/6/95,620.179993
12/5/95,617.679993
12/4/95,613.679993
12/1/95,606.97998
11/30/95,605.369995
11/29/95,607.640015
11/28/95,606.450012
11/27/95,601.320007
11/24/95,599.969971
11/22/95,598.400024
11/21/95,600.23999
11/20/95,596.849976
11/17/95,600.070007
11/16/95,597.340027
11/15/95,593.960022
11/14/95,589.289978
11/13/95,592.299988
11/10/95,592.719971
11/9/95,593.26001
11/8/95,591.710022
11/7/95,586.320007
11/6/95,588.460022
11/3/95,590.570007
11/2/95,589.719971
11/1/95,584.219971
10/31/95,581.5
10/30/95,583.25
10/27/95,579.700012
10/26/95,576.719971
10/25/95,582.469971
10/24/95,586.539978
10/23/95,585.059998
10/20/95,587.460022
10/19/95,590.650024
10/18/95,587.440002
10/17/95,586.780029
10/16/95,583.030029
10/13/95,584.5
10/12/95,583.099976
10/11/95,579.460022
10/10/95,577.52002
10/9/95,578.369995
10/6/95,582.48999
10/5/95,582.630005
10/4/95,581.469971
10/3/95,582.340027
10/2/95,581.719971
9/29/95,584.409973
9/28/95,585.869995
9/27/95,581.039978
9/26/95,581.409973
9/25/95,581.809998
9/22/95,581.72998
9/21/95,583
9/20/95,586.77002
9/19/95,584.200012
9/18/95,582.77002
9/15/95,583.349976
9/14/95,583.609985
9/13/95,578.77002
9/12/95,576.51001
9/11/95,573.909973
9/8/95,572.679993
9/7/95,570.289978
9/6/95,570.169983
9/5/95,569.169983
9/1/95,563.840027
8/31/95,561.880005
8/30/95,560.919983
8/29/95,560
8/28/95,559.049988
8/25/95,560.099976
8/24/95,557.460022
8/23/95,557.140015
8/22/95,559.52002
8/21/95,558.109985
8/18/95,559.210022
8/17/95,559.039978
8/16/95,559.969971
8/15/95,558.570007
8/14/95,559.73999
8/11/95,555.109985
8/10/95,557.450012
8/9/95,559.710022
8/8/95,560.390015
8/7/95,560.030029
8/4/95,558.940002
8/3/95,558.75
8/2/95,558.799988
8/1/95,559.640015
7/31/95,562.059998
7/28/95,562.929993
7/27/95,565.219971
7/26/95,561.609985
7/25/95,561.099976
7/24/95,556.630005
7/21/95,553.619995
7/20/95,553.539978
7/19/95,550.97998
7/18/95,558.460022
7/17/95,562.719971
7/14/95,559.890015
7/13/95,561
7/12/95,560.890015
7/11/95,554.780029
7/10/95,557.190002
7/7/95,556.369995
7/6/95,553.98999
7/5/95,547.26001
7/3/95,547.090027
6/30/95,544.75
6/29/95,543.869995
6/28/95,544.72998
6/27/95,542.429993
6/26/95,544.130005
6/23/95,549.710022
6/22/95,551.070007
6/21/95,543.97998
6/20/95,544.97998
6/19/95,545.219971
6/16/95,539.830017
6/15/95,537.119995
6/14/95,536.469971
6/13/95,536.049988
6/12/95,530.880005
6/9/95,527.940002
6/8/95,532.349976
6/7/95,533.130005
6/6/95,535.549988
6/5/95,535.599976
6/2/95,532.51001
6/1/95,533.48999
5/31/95,533.400024
5/30/95,523.580017
5/26/95,523.650024
5/25/95,528.590027
5/24/95,528.609985
5/23/95,528.590027
5/22/95,523.650024
5/19/95,519.190002
5/18/95,519.580017
5/17/95,527.070007
5/16/95,528.190002
5/15/95,527.73999
5/12/95,525.549988
5/11/95,524.369995
5/10/95,524.359985
5/9/95,523.559998
5/8/95,523.960022
5/5/95,520.119995
5/4/95,520.539978
5/3/95,520.47998
5/2/95,514.859985
5/1/95,514.26001
4/28/95,514.710022
4/27/95,513.549988
4/26/95,512.659973
4/25/95,512.099976
4/24/95,512.890015
4/21/95,508.48999
4/20/95,505.290009
4/19/95,504.920013
4/18/95,505.369995
4/17/95,506.130005
4/13/95,509.230011
4/12/95,507.170013
4/11/95,505.529999
4/10/95,507.01001
4/7/95,506.420013
4/6/95,506.079987
4/5/95,505.570007
4/4/95,505.23999
4/3/95,501.850006
3/31/95,500.709991
3/30/95,502.220001
3/29/95,503.119995
3/28/95,503.899994
3/27/95,503.200012
3/24/95,500.970001
3/23/95,495.950012
3/22/95,495.670013
3/21/95,495.070007
3/20/95,496.140015
3/17/95,495.519989
3/16/95,495.410004
3/15/95,491.880005
3/14/95,492.890015
3/13/95,490.049988
3/10/95,489.570007
3/9/95,483.160004
3/8/95,483.140015
3/7/95,482.119995
3/6/95,485.630005
3/3/95,485.420013
3/2/95,485.130005
3/1/95,485.649994
2/28/95,487.390015
2/27/95,483.809998
2/24/95,488.109985
2/23/95,486.910004
2/22/95,485.070007
2/21/95,482.720001
2/17/95,481.970001
2/16/95,485.220001
2/15/95,484.540009
2/14/95,482.549988
2/13/95,481.649994
2/10/95,481.459991
2/9/95,480.190002
2/8/95,481.190002
2/7/95,480.809998
2/6/95,481.140015
2/3/95,478.649994
2/2/95,472.790009
2/1/95,470.399994
1/31/95,470.420013
1/30/95,468.51001
1/27/95,470.390015
1/26/95,468.320007
1/25/95,467.440002
1/24/95,465.859985
1/23/95,465.820007
1/20/95,464.779999
1/19/95,466.950012
1/18/95,469.709991
1/17/95,470.049988
1/16/95,469.380005
1/13/95,465.970001
1/12/95,461.640015
1/11/95,461.660004
1/10/95,461.679993
1/9/95,460.829987
1/6/95,460.679993
1/5/95,460.339996
1/4/95,460.709991
1/3/95,459.109985